order_id,user_id,order_date,amount,status
1,983,2026-04-09,84.66,completed
2,729,2026-04-12,0.96,completed
3,504,2026-03-22,66.57,completed
4,456,2026-03-20,11.68,completed
5,45,2026-03-08,7.13,cancelled
6,214,2026-03-29,50.87,completed
7,59,2026-04-09,19.26,cancelled
8,644,2026-05-29,2.94,cancelled
9,616,2026-03-30,7.4,completed
10,195,2026-05-20,0.05,completed
11,925,2026-05-23,116.77,completed
12,489,2026-04-24,1.25,refunded
13,157,2026-03-16,11.75,completed
14,610,2026-04-15,26.92,completed
15,226,2026-05-01,22.05,completed
16,412,2026-03-07,121.37,completed
17,205,2026-05-19,2.06,completed
18,79,2026-04-14,35.89,completed
19,124,2026-04-28,57.05,completed
20,471,2026-04-25,134.19,cancelled
21,940,2026-04-17,48.43,completed
22,218,2026-03-27,81.42,completed
23,516,2026-04-22,4.37,completed
24,602,2026-05-26,24.38,completed
25,104,2026-05-27,23.42,completed
26,393,2026-05-12,108.7,completed
27,631,2026-04-04,8.21,completed
28,645,2026-04-20,8.24,completed
29,824,2026-05-23,19.92,completed
30,608,2026-04-06,2.8,completed
31,980,2026-05-20,10.07,completed
32,434,2026-04-26,167.92,completed
33,331,2026-03-08,27.95,completed
34,143,2026-05-18,49.99,completed
35,800,2026-03-20,64.75,completed
36,540,2026-04-22,22.86,completed
37,278,2026-03-12,7.96,cancelled
38,233,2026-04-18,11.57,cancelled
39,529,2026-03-17,18.79,completed
40,571,2026-05-03,50.54,completed
41,90,2026-04-11,25.4,completed
42,492,2026-03-29,0.34,completed
43,199,2026-03-19,37.05,completed
44,362,2026-03-11,127.24,completed
45,441,2026-04-19,83.59,completed
46,26,2026-05-10,87.21,completed
47,25,2026-04-27,79.25,completed
48,394,2026-04-03,19.56,completed
49,507,2026-03-20,72.45,completed
50,301,2026-04-19,7.73,completed
51,339,2026-05-27,53.61,completed
52,267,2026-03-10,51.3,completed
53,461,2026-04-01,1.3,completed
54,693,2026-04-21,77.55,completed
55,456,2026-03-15,116.78,completed
56,360,2026-05-23,15.56,completed
57,68,2026-03-03,83.67,completed
58,863,2026-04-06,4.3,cancelled
59,412,2026-04-09,45.81,completed
60,971,2026-05-11,33.24,completed
61,491,2026-04-09,39.47,completed
62,833,2026-04-25,130.32,completed
63,49,2026-03-23,102.52,completed
64,687,2026-03-11,76.88,completed
65,564,2026-05-03,15.99,completed
66,102,2026-03-08,121.42,completed
67,216,2026-04-25,5.13,completed
68,438,2026-04-29,95.98,cancelled
69,700,2026-03-10,19.89,completed
70,569,2026-04-08,2.76,completed
71,559,2026-03-28,55.34,completed
72,159,2026-04-18,13.15,completed
73,489,2026-04-05,13.96,completed
74,686,2026-03-13,18.27,completed
75,242,2026-04-05,3.29,cancelled
76,794,2026-03-26,9.75,completed
77,753,2026-05-25,0.26,completed
78,882,2026-03-04,29.48,completed
79,5,2026-05-21,4.4,completed
80,596,2026-05-03,57.39,completed
81,820,2026-04-07,13.43,completed
82,361,2026-05-27,143.74,completed
83,459,2026-05-26,102.49,completed
84,248,2026-03-22,17.09,completed
85,566,2026-03-02,76.44,refunded
86,673,2026-03-31,81.29,completed
87,946,2026-03-11,215.49,completed
88,422,2026-04-15,45.55,completed
89,923,2026-05-01,4.28,completed
90,738,2026-05-08,52.04,completed
91,15,2026-05-03,49.04,completed
92,736,2026-03-10,50.85,refunded
93,573,2026-04-09,18.35,completed
94,122,2026-03-24,98.19,completed
95,277,2026-04-13,160.29,completed
96,558,2026-04-29,12.28,completed
97,453,2026-05-01,4.61,completed
98,390,2026-05-26,10.82,completed
99,294,2026-03-17,85.89,completed
100,574,2026-05-04,56.45,completed
101,598,2026-04-26,50.54,refunded
102,446,2026-04-24,25.69,completed
103,210,2026-04-22,43.12,completed
104,590,2026-04-25,18.4,cancelled
105,714,2026-03-09,32.43,completed
106,302,2026-03-22,78.77,completed
107,909,2026-03-13,198.81,cancelled
108,223,2026-05-28,134.77,completed
109,734,2026-04-17,135.8,completed
110,3,2026-03-18,25.73,completed
111,990,2026-05-15,31.63,completed
112,518,2026-04-09,61.15,completed
113,93,2026-03-17,127.68,completed
114,520,2026-03-15,7.66,completed
115,428,2026-03-15,18.14,completed
116,493,2026-05-18,7.5,completed
117,235,2026-05-02,47.34,completed
118,620,2026-04-08,18.29,cancelled
119,161,2026-03-13,19.73,completed
120,721,2026-05-20,3.68,cancelled
121,752,2026-04-01,21.52,completed
122,331,2026-03-09,99.21,completed
123,333,2026-04-09,13.27,completed
124,50,2026-03-20,59.4,completed
125,523,2026-05-29,49.66,completed
126,863,2026-05-24,99.57,completed
127,668,2026-05-21,7.09,completed
128,492,2026-05-16,189.91,completed
129,582,2026-05-19,43.69,completed
130,681,2026-05-12,269.9,completed
131,272,2026-05-02,121.25,completed
132,580,2026-05-15,12.52,completed
133,867,2026-04-13,2.89,completed
134,252,2026-04-07,14.76,completed
135,560,2026-05-22,37.49,completed
136,696,2026-04-29,9.41,refunded
137,832,2026-05-10,9.16,completed
138,699,2026-04-17,31.05,completed
139,90,2026-03-18,1.69,completed
140,446,2026-03-16,6.5,cancelled
141,332,2026-04-24,26.88,completed
142,139,2026-04-08,3.26,refunded
143,357,2026-05-07,25.27,completed
144,601,2026-04-28,32.12,completed
145,274,2026-05-28,30.01,cancelled
146,19,2026-05-01,101.69,completed
147,983,2026-03-13,37.76,completed
148,311,2026-05-20,31.55,completed
149,870,2026-03-06,26.44,cancelled
150,886,2026-05-22,85.08,completed
151,978,2026-05-16,112.72,completed
152,154,2026-04-29,95.95,completed
153,390,2026-05-29,55.97,completed
154,260,2026-03-14,7.39,cancelled
155,620,2026-04-23,16.21,completed
156,883,2026-03-04,2.36,completed
157,797,2026-04-08,133.56,cancelled
158,571,2026-05-11,54.06,completed
159,125,2026-03-25,68.59,completed
160,354,2026-05-16,18.67,completed
161,273,2026-04-01,93.43,completed
162,619,2026-04-28,15.03,completed
163,811,2026-05-02,0.08,completed
164,245,2026-04-07,23.61,completed
165,848,2026-04-22,42.29,completed
166,450,2026-05-06,32.57,completed
167,930,2026-03-28,99.05,completed
168,247,2026-03-03,5.57,completed
169,520,2026-05-19,40.35,completed
170,141,2026-03-22,35.97,refunded
171,362,2026-04-07,16.52,completed
172,8,2026-05-11,86.36,completed
173,478,2026-05-11,69.89,completed
174,352,2026-05-01,66.0,completed
175,996,2026-04-26,104.45,completed
176,495,2026-03-06,64.15,completed
177,606,2026-05-17,13.19,completed
178,833,2026-04-01,61.13,refunded
179,427,2026-03-10,18.39,completed
180,39,2026-03-03,13.87,completed
181,593,2026-04-28,3.79,completed
182,187,2026-05-15,68.13,completed
183,596,2026-04-18,62.07,completed
184,600,2026-04-28,13.36,completed
185,754,2026-03-31,69.19,completed
186,854,2026-05-08,124.95,completed
187,93,2026-05-01,5.72,completed
188,86,2026-04-21,13.24,completed
189,44,2026-05-28,69.37,completed
190,137,2026-04-10,16.05,completed
191,421,2026-03-31,49.0,completed
192,74,2026-05-24,4.23,completed
193,548,2026-05-23,30.09,completed
194,613,2026-03-22,67.18,cancelled
195,988,2026-03-04,58.0,completed
196,512,2026-03-13,84.39,completed
197,156,2026-04-14,104.96,completed
198,938,2026-04-11,74.18,completed
199,255,2026-04-18,55.67,completed
200,171,2026-03-20,1.61,cancelled
201,981,2026-05-16,38.28,completed
202,728,2026-05-20,1.92,refunded
203,170,2026-04-23,82.53,cancelled
204,764,2026-04-05,19.34,completed
205,872,2026-03-01,41.33,completed
206,322,2026-03-15,16.39,completed
207,567,2026-05-16,76.28,completed
208,456,2026-03-17,108.8,cancelled
209,944,2026-03-24,25.43,completed
210,603,2026-04-27,99.36,cancelled
211,790,2026-05-11,15.54,completed
212,613,2026-03-23,38.25,cancelled
213,155,2026-04-15,97.87,cancelled
214,889,2026-05-11,19.72,completed
215,349,2026-03-08,154.0,completed
216,451,2026-04-28,6.5,completed
217,876,2026-05-29,0.92,completed
218,653,2026-04-28,117.24,refunded
219,173,2026-03-13,3.56,completed
220,10,2026-04-08,240.73,completed
221,740,2026-03-28,151.2,completed
222,265,2026-05-28,7.37,completed
223,438,2026-04-30,38.56,completed
224,760,2026-03-16,10.22,completed
225,247,2026-03-02,27.94,completed
226,667,2026-05-21,3.17,completed
227,546,2026-03-17,12.68,completed
228,499,2026-03-30,22.57,completed
229,129,2026-03-13,28.87,completed
230,672,2026-05-21,189.7,completed
231,601,2026-03-13,82.48,completed
232,605,2026-04-12,66.86,completed
233,327,2026-05-24,38.51,completed
234,753,2026-03-21,91.63,completed
235,835,2026-04-24,20.72,refunded
236,980,2026-05-20,61.7,completed
237,404,2026-04-09,254.03,refunded
238,629,2026-05-22,18.89,completed
239,606,2026-03-15,56.05,completed
240,675,2026-05-12,93.0,completed
241,611,2026-04-21,123.73,completed
242,625,2026-05-13,63.28,completed
243,359,2026-04-22,16.68,completed
244,603,2026-05-26,19.75,completed
245,858,2026-04-21,1.05,completed
246,718,2026-03-30,71.54,completed
247,17,2026-04-02,2.18,completed
248,274,2026-04-26,100.0,completed
249,685,2026-04-21,6.32,completed
250,116,2026-03-09,9.43,completed
251,861,2026-04-23,32.36,completed
252,980,2026-03-01,66.95,completed
253,693,2026-04-13,7.48,completed
254,91,2026-05-14,29.0,cancelled
255,82,2026-05-19,32.97,completed
256,324,2026-03-09,11.93,completed
257,961,2026-04-01,6.14,completed
258,114,2026-03-15,90.52,completed
259,769,2026-03-12,34.9,completed
260,58,2026-05-17,0.72,completed
261,154,2026-04-26,81.22,completed
262,877,2026-03-08,197.63,completed
263,404,2026-05-11,46.56,completed
264,628,2026-03-27,35.03,completed
265,855,2026-05-01,105.36,completed
266,266,2026-03-12,152.37,completed
267,315,2026-05-04,70.23,completed
268,715,2026-04-11,29.48,completed
269,41,2026-05-01,44.85,completed
270,105,2026-03-11,60.35,completed
271,901,2026-04-12,10.8,completed
272,890,2026-03-17,29.64,cancelled
273,193,2026-04-01,88.55,completed
274,401,2026-05-24,53.17,refunded
275,278,2026-05-24,26.48,completed
276,354,2026-04-09,54.44,completed
277,749,2026-03-23,6.29,completed
278,937,2026-04-25,25.67,completed
279,733,2026-03-06,78.78,completed
280,580,2026-05-25,12.46,completed
281,709,2026-04-19,10.29,completed
282,256,2026-04-06,150.61,cancelled
283,651,2026-05-03,11.78,completed
284,824,2026-04-23,15.12,completed
285,947,2026-05-11,174.69,completed
286,661,2026-04-18,66.35,completed
287,99,2026-03-11,60.13,completed
288,588,2026-05-27,95.84,completed
289,282,2026-04-18,6.15,cancelled
290,883,2026-03-21,61.2,completed
291,403,2026-05-05,35.03,completed
292,109,2026-05-02,88.35,completed
293,700,2026-05-22,35.48,refunded
294,199,2026-03-28,48.41,completed
295,303,2026-03-17,32.48,completed
296,327,2026-03-06,32.52,completed
297,154,2026-03-19,73.04,completed
298,552,2026-04-25,49.52,completed
299,645,2026-03-28,50.16,completed
300,405,2026-05-05,29.92,refunded
301,462,2026-04-07,37.87,cancelled
302,132,2026-04-06,68.47,completed
303,791,2026-05-07,87.42,completed
304,874,2026-05-25,59.63,completed
305,84,2026-05-29,128.9,cancelled
306,399,2026-04-18,85.83,completed
307,754,2026-04-12,41.26,completed
308,628,2026-04-05,55.65,completed
309,109,2026-04-27,130.39,completed
310,221,2026-03-13,48.27,completed
311,904,2026-04-21,87.09,completed
312,553,2026-04-27,58.37,completed
313,368,2026-04-01,40.14,cancelled
314,147,2026-05-20,13.84,completed
315,112,2026-04-29,27.76,completed
316,615,2026-05-22,171.7,completed
317,558,2026-04-27,53.61,completed
318,924,2026-04-25,41.55,completed
319,494,2026-03-28,135.12,completed
320,505,2026-03-01,44.16,completed
321,475,2026-04-11,37.34,cancelled
322,836,2026-05-21,71.21,completed
323,890,2026-04-17,62.36,completed
324,271,2026-04-09,10.73,completed
325,995,2026-05-02,31.87,completed
326,421,2026-05-15,31.98,completed
327,897,2026-05-11,23.76,cancelled
328,707,2026-05-27,36.42,completed
329,367,2026-05-19,26.65,completed
330,280,2026-03-04,11.12,refunded
331,283,2026-04-07,26.58,completed
332,40,2026-03-27,3.75,completed
333,959,2026-03-09,42.88,completed
334,189,2026-03-16,96.09,completed
335,164,2026-04-25,64.6,completed
336,994,2026-05-15,22.35,completed
337,989,2026-03-31,4.55,completed
338,536,2026-05-27,11.29,completed
339,536,2026-03-14,39.43,completed
340,4,2026-03-25,11.6,completed
341,835,2026-04-03,39.26,completed
342,290,2026-05-06,13.17,cancelled
343,953,2026-03-24,94.5,completed
344,433,2026-05-12,25.31,completed
345,471,2026-03-26,14.09,completed
346,181,2026-03-20,83.65,completed
347,248,2026-05-03,20.99,refunded
348,628,2026-03-10,5.91,completed
349,279,2026-05-22,42.25,completed
350,877,2026-05-06,43.56,completed
351,581,2026-03-24,62.71,completed
352,863,2026-03-05,13.74,completed
353,254,2026-05-06,29.33,completed
354,181,2026-04-27,16.59,completed
355,830,2026-03-27,4.22,completed
356,681,2026-05-19,104.62,completed
357,825,2026-03-15,65.26,completed
358,509,2026-04-04,17.94,completed
359,761,2026-05-15,45.74,cancelled
360,700,2026-04-22,11.24,completed
361,566,2026-04-13,110.47,completed
362,326,2026-03-26,6.1,completed
363,357,2026-04-16,0.19,completed
364,825,2026-04-03,34.86,cancelled
365,650,2026-05-26,43.75,completed
366,680,2026-04-19,43.25,completed
367,391,2026-05-23,2.8,completed
368,615,2026-03-12,18.85,completed
369,934,2026-05-26,34.58,completed
370,85,2026-03-04,12.2,completed
371,317,2026-05-26,103.03,completed
372,212,2026-04-17,4.56,completed
373,515,2026-04-24,33.41,completed
374,384,2026-03-01,58.79,completed
375,691,2026-05-28,15.17,completed
376,342,2026-05-05,48.94,completed
377,815,2026-03-30,88.42,completed
378,964,2026-03-03,10.56,completed
379,988,2026-03-21,124.58,completed
380,844,2026-05-28,40.32,completed
381,38,2026-05-23,17.78,refunded
382,511,2026-04-18,28.18,cancelled
383,420,2026-05-25,18.71,completed
384,751,2026-05-24,64.57,completed
385,169,2026-05-01,79.56,completed
386,965,2026-04-07,89.47,completed
387,909,2026-03-15,212.61,completed
388,343,2026-04-21,78.34,completed
389,826,2026-05-18,45.99,refunded
390,306,2026-04-15,20.72,completed
391,542,2026-03-25,39.33,completed
392,702,2026-03-21,2.1,completed
393,869,2026-05-27,68.29,completed
394,537,2026-03-05,29.53,completed
395,112,2026-05-09,1.01,completed
396,411,2026-04-16,3.23,completed
397,947,2026-05-26,24.51,completed
398,206,2026-05-07,43.78,completed
399,185,2026-03-18,31.2,completed
400,382,2026-03-21,48.27,completed
401,496,2026-05-25,32.72,completed
402,379,2026-03-23,54.19,completed
403,47,2026-05-03,12.37,refunded
404,886,2026-05-06,5.99,completed
405,740,2026-04-09,45.37,cancelled
406,551,2026-03-10,33.15,cancelled
407,528,2026-05-28,1.36,completed
408,504,2026-04-21,23.94,completed
409,22,2026-05-11,5.61,cancelled
410,213,2026-05-14,37.9,completed
411,310,2026-04-30,25.19,completed
412,661,2026-05-03,47.49,cancelled
413,968,2026-03-05,81.89,completed
414,753,2026-04-22,17.81,completed
415,272,2026-04-24,163.64,completed
416,571,2026-04-06,38.35,completed
417,799,2026-04-25,48.15,completed
418,938,2026-04-28,57.08,completed
419,202,2026-05-08,54.94,completed
420,32,2026-05-12,35.77,completed
421,443,2026-04-28,28.0,completed
422,162,2026-03-02,2.76,completed
423,767,2026-05-04,1.12,completed
424,254,2026-04-29,22.16,completed
425,521,2026-04-20,20.3,completed
426,977,2026-03-30,24.53,completed
427,651,2026-03-11,7.45,refunded
428,480,2026-05-15,67.0,completed
429,10,2026-04-08,97.23,completed
430,726,2026-05-29,139.61,completed
431,505,2026-05-16,33.9,completed
432,785,2026-05-11,60.34,completed
433,836,2026-05-02,96.74,completed
434,560,2026-05-03,27.09,completed
435,436,2026-04-30,18.51,completed
436,111,2026-04-23,138.01,completed
437,153,2026-05-12,36.25,completed
438,635,2026-04-27,34.38,completed
439,917,2026-05-24,9.83,cancelled
440,869,2026-04-25,5.72,completed
441,102,2026-04-03,92.29,completed
442,753,2026-03-31,47.61,completed
443,833,2026-04-21,19.71,refunded
444,191,2026-05-28,10.64,completed
445,729,2026-05-15,40.54,refunded
446,563,2026-03-01,43.84,completed
447,804,2026-04-24,11.6,completed
448,81,2026-03-22,95.33,completed
449,489,2026-04-09,4.4,completed
450,895,2026-03-01,22.01,completed
451,88,2026-05-04,57.03,completed
452,194,2026-05-02,16.02,completed
453,104,2026-04-23,87.92,cancelled
454,783,2026-04-11,67.33,completed
455,96,2026-03-21,77.8,cancelled
456,423,2026-05-18,6.34,completed
457,891,2026-05-20,7.57,completed
458,198,2026-03-22,16.88,cancelled
459,1,2026-04-07,36.5,completed
460,407,2026-05-19,68.92,completed
461,378,2026-03-08,90.56,completed
462,167,2026-05-01,60.93,completed
463,509,2026-04-16,131.97,completed
464,638,2026-03-17,67.11,completed
465,313,2026-03-17,18.28,completed
466,593,2026-05-29,15.4,refunded
467,418,2026-03-13,59.57,completed
468,763,2026-03-17,10.71,cancelled
469,681,2026-04-07,4.86,completed
470,477,2026-05-20,37.99,completed
471,73,2026-05-17,86.2,completed
472,141,2026-04-14,5.34,completed
473,582,2026-03-06,78.48,cancelled
474,262,2026-04-04,83.45,completed
475,340,2026-03-14,32.92,completed
476,308,2026-05-11,2.95,completed
477,245,2026-04-30,9.59,completed
478,515,2026-03-15,61.45,cancelled
479,337,2026-04-23,62.2,cancelled
480,575,2026-03-27,114.31,completed
481,561,2026-03-13,43.7,completed
482,76,2026-03-31,6.63,completed
483,880,2026-04-04,6.47,completed
484,175,2026-04-29,63.85,refunded
485,109,2026-03-06,10.15,completed
486,183,2026-05-08,19.9,completed
487,192,2026-05-25,33.39,completed
488,65,2026-04-27,1.25,refunded
489,849,2026-04-18,14.31,completed
490,963,2026-03-23,26.2,completed
491,474,2026-05-28,16.4,completed
492,783,2026-04-03,7.33,completed
493,100,2026-03-26,65.1,completed
494,544,2026-04-16,83.87,completed
495,864,2026-03-05,14.89,completed
496,128,2026-05-29,74.45,completed
497,452,2026-03-20,24.35,completed
498,914,2026-03-06,35.33,completed
499,369,2026-05-09,96.9,completed
500,851,2026-04-28,69.31,completed
501,43,2026-05-03,81.77,completed
502,884,2026-03-18,7.36,completed
503,419,2026-03-04,3.61,cancelled
504,488,2026-03-17,111.94,completed
505,78,2026-03-14,24.54,completed
506,826,2026-05-17,16.98,completed
507,801,2026-03-13,64.49,completed
508,270,2026-03-07,90.52,completed
509,674,2026-04-13,99.2,completed
510,701,2026-03-15,18.99,completed
511,759,2026-03-19,95.6,completed
512,900,2026-05-02,2.09,completed
513,728,2026-04-04,2.55,completed
514,315,2026-05-20,48.84,completed
515,925,2026-04-04,3.26,completed
516,851,2026-03-19,19.62,completed
517,902,2026-03-20,55.85,completed
518,889,2026-04-04,20.57,refunded
519,993,2026-04-01,9.9,completed
520,945,2026-04-17,16.52,completed
521,168,2026-04-13,30.59,completed
522,339,2026-03-24,32.25,cancelled
523,193,2026-04-30,76.39,completed
524,453,2026-03-17,69.35,completed
525,283,2026-05-10,30.52,cancelled
526,336,2026-04-19,93.43,cancelled
527,390,2026-05-04,6.07,completed
528,1000,2026-04-01,14.74,completed
529,525,2026-04-05,88.01,completed
530,240,2026-03-13,23.74,completed
531,832,2026-05-09,198.65,completed
532,958,2026-04-27,31.39,completed
533,483,2026-03-14,78.5,completed
534,659,2026-04-06,25.73,completed
535,716,2026-05-18,27.67,completed
536,592,2026-05-07,24.13,completed
537,891,2026-04-09,63.48,completed
538,555,2026-04-28,39.65,completed
539,458,2026-05-19,143.92,cancelled
540,89,2026-03-16,14.44,completed
541,660,2026-05-01,5.3,completed
542,95,2026-03-04,24.98,cancelled
543,452,2026-04-14,47.95,completed
544,428,2026-05-29,98.59,completed
545,151,2026-03-28,21.25,cancelled
546,514,2026-05-05,53.04,completed
547,376,2026-03-31,21.55,completed
548,22,2026-03-03,48.01,completed
549,883,2026-03-08,108.06,completed
550,313,2026-03-24,13.16,completed
551,997,2026-03-15,25.9,cancelled
552,840,2026-04-12,250.02,completed
553,519,2026-03-31,101.46,completed
554,206,2026-05-12,41.58,completed
555,952,2026-04-14,36.35,completed
556,375,2026-05-05,16.75,completed
557,451,2026-03-08,36.41,completed
558,626,2026-05-10,94.25,completed
559,784,2026-04-26,57.79,completed
560,595,2026-05-19,17.13,completed
561,179,2026-03-30,11.25,completed
562,210,2026-05-13,15.41,completed
563,500,2026-03-18,9.3,completed
564,464,2026-05-08,5.03,completed
565,840,2026-04-08,27.16,completed
566,124,2026-04-29,6.01,completed
567,993,2026-04-12,9.43,completed
568,113,2026-04-14,39.63,refunded
569,12,2026-03-23,8.99,completed
570,126,2026-05-08,3.3,completed
571,565,2026-03-06,19.09,completed
572,331,2026-04-25,12.44,completed
573,901,2026-03-04,36.21,completed
574,283,2026-03-23,5.4,completed
575,140,2026-03-06,69.67,completed
576,401,2026-04-01,118.35,cancelled
577,902,2026-03-18,68.02,cancelled
578,97,2026-03-15,38.05,completed
579,517,2026-04-09,98.54,completed
580,569,2026-05-12,59.36,completed
581,924,2026-05-13,0.53,completed
582,846,2026-05-23,25.05,completed
583,69,2026-03-06,95.17,completed
584,118,2026-05-02,21.22,completed
585,888,2026-05-06,1.79,completed
586,59,2026-03-11,68.56,completed
587,33,2026-04-12,80.98,completed
588,318,2026-03-17,8.75,completed
589,50,2026-03-04,38.54,completed
590,880,2026-05-02,10.66,completed
591,489,2026-05-07,63.51,completed
592,19,2026-05-20,15.84,cancelled
593,726,2026-04-10,19.01,completed
594,197,2026-05-22,93.21,completed
595,891,2026-03-05,32.34,completed
596,450,2026-04-01,55.4,completed
597,990,2026-05-25,25.74,completed
598,559,2026-05-09,17.69,completed
599,679,2026-04-04,49.11,completed
600,452,2026-03-22,8.41,completed
601,289,2026-05-04,23.34,completed
602,141,2026-05-23,11.73,completed
603,84,2026-03-22,59.5,completed
604,694,2026-03-11,144.31,completed
605,391,2026-05-16,270.31,completed
606,591,2026-03-03,29.92,completed
607,215,2026-03-09,14.55,completed
608,526,2026-04-29,29.24,completed
609,215,2026-05-15,93.95,completed
610,403,2026-05-26,11.53,cancelled
611,128,2026-03-14,151.93,completed
612,822,2026-03-18,20.92,completed
613,477,2026-05-12,212.74,completed
614,760,2026-03-23,91.2,completed
615,404,2026-05-13,82.66,cancelled
616,29,2026-05-22,19.13,completed
617,792,2026-04-16,0.44,completed
618,338,2026-05-08,24.07,completed
619,831,2026-04-16,17.96,completed
620,714,2026-05-26,1.91,completed
621,361,2026-03-30,35.2,cancelled
622,569,2026-03-25,25.79,completed
623,392,2026-03-28,50.33,completed
624,218,2026-03-25,48.54,cancelled
625,574,2026-05-13,6.43,completed
626,669,2026-05-17,188.54,completed
627,202,2026-04-27,10.35,completed
628,17,2026-04-10,29.46,completed
629,322,2026-03-25,33.48,completed
630,518,2026-05-17,83.85,completed
631,570,2026-04-17,5.23,completed
632,325,2026-03-10,27.99,completed
633,412,2026-05-14,49.51,completed
634,318,2026-03-11,12.11,completed
635,681,2026-05-24,49.37,completed
636,965,2026-03-21,128.63,completed
637,82,2026-05-25,299.94,completed
638,474,2026-04-14,1.65,completed
639,468,2026-03-07,13.43,completed
640,425,2026-05-20,18.58,completed
641,945,2026-05-03,25.47,completed
642,731,2026-05-03,13.87,completed
643,689,2026-03-02,11.38,completed
644,204,2026-05-15,154.56,completed
645,583,2026-04-11,125.37,completed
646,387,2026-05-21,2.41,completed
647,778,2026-04-23,20.69,completed
648,98,2026-05-14,25.97,cancelled
649,345,2026-03-16,13.66,completed
650,803,2026-03-18,49.56,completed
651,208,2026-04-28,51.14,completed
652,514,2026-05-29,95.02,completed
653,636,2026-03-16,67.52,completed
654,792,2026-03-06,39.11,completed
655,586,2026-04-26,53.01,completed
656,166,2026-04-16,16.01,completed
657,22,2026-04-17,44.95,completed
658,154,2026-04-11,33.59,completed
659,939,2026-05-15,7.16,completed
660,439,2026-04-29,13.89,completed
661,295,2026-05-16,17.24,completed
662,219,2026-03-04,129.06,completed
663,669,2026-03-02,13.09,completed
664,495,2026-05-29,17.07,cancelled
665,230,2026-04-28,23.05,cancelled
666,20,2026-03-27,54.49,completed
667,987,2026-03-27,6.29,completed
668,553,2026-05-18,153.9,completed
669,950,2026-05-11,100.34,completed
670,148,2026-03-07,43.04,completed
671,108,2026-05-02,56.05,completed
672,403,2026-04-15,0.84,cancelled
673,596,2026-05-02,20.7,completed
674,483,2026-03-12,79.4,completed
675,367,2026-03-13,4.03,completed
676,834,2026-04-12,16.59,completed
677,414,2026-03-17,44.01,completed
678,309,2026-05-02,14.81,completed
679,802,2026-05-20,135.89,completed
680,918,2026-04-05,7.02,completed
681,835,2026-05-24,79.82,cancelled
682,134,2026-03-08,35.46,completed
683,719,2026-05-08,69.38,completed
684,283,2026-05-29,18.61,completed
685,778,2026-05-19,36.13,completed
686,73,2026-04-05,97.19,completed
687,481,2026-03-28,31.45,cancelled
688,352,2026-04-16,22.29,completed
689,560,2026-05-15,38.41,cancelled
690,326,2026-03-30,63.18,completed
691,745,2026-03-23,29.31,completed
692,443,2026-03-16,139.74,refunded
693,100,2026-03-14,17.47,completed
694,59,2026-05-13,32.26,completed
695,508,2026-05-10,70.72,completed
696,258,2026-04-21,58.42,completed
697,413,2026-04-06,99.62,completed
698,452,2026-03-29,287.37,refunded
699,65,2026-05-06,27.83,completed
700,595,2026-03-15,5.89,completed
701,154,2026-04-16,1.54,cancelled
702,985,2026-04-15,64.89,completed
703,266,2026-04-21,103.58,completed
704,821,2026-03-19,12.47,completed
705,79,2026-05-16,8.63,completed
706,315,2026-03-21,3.21,completed
707,662,2026-05-03,86.5,refunded
708,947,2026-04-06,18.65,completed
709,560,2026-03-27,25.68,completed
710,917,2026-04-24,34.93,completed
711,891,2026-03-29,91.46,completed
712,248,2026-03-20,52.61,completed
713,790,2026-03-25,47.73,completed
714,868,2026-05-09,9.66,completed
715,610,2026-05-02,35.99,completed
716,414,2026-04-05,62.83,completed
717,25,2026-03-02,181.08,completed
718,284,2026-03-22,11.25,completed
719,449,2026-03-16,0.48,completed
720,881,2026-03-18,3.91,completed
721,301,2026-05-08,23.57,completed
722,68,2026-04-23,85.89,completed
723,7,2026-03-30,0.36,completed
724,817,2026-04-14,30.51,completed
725,137,2026-03-19,19.97,completed
726,164,2026-05-26,2.7,completed
727,83,2026-04-03,29.91,completed
728,897,2026-03-13,14.7,completed
729,650,2026-04-12,21.68,completed
730,420,2026-05-01,61.14,cancelled
731,73,2026-03-22,36.86,cancelled
732,237,2026-04-21,6.66,completed
733,46,2026-04-21,162.74,completed
734,618,2026-04-05,50.52,completed
735,928,2026-05-12,72.59,completed
736,800,2026-03-19,4.13,completed
737,262,2026-04-07,2.41,completed
738,176,2026-05-09,0.98,completed
739,166,2026-05-18,10.46,completed
740,657,2026-04-26,26.76,refunded
741,842,2026-03-20,137.31,completed
742,370,2026-03-09,30.54,completed
743,795,2026-04-01,17.14,completed
744,54,2026-03-04,41.27,completed
745,690,2026-04-19,5.94,completed
746,419,2026-05-21,47.02,completed
747,756,2026-03-05,42.02,completed
748,507,2026-03-20,78.51,completed
749,341,2026-05-26,215.95,completed
750,127,2026-05-14,14.44,refunded
751,409,2026-04-06,35.63,completed
752,924,2026-03-22,119.77,completed
753,367,2026-04-27,76.9,completed
754,271,2026-05-07,33.41,completed
755,644,2026-04-13,145.36,completed
756,605,2026-04-03,2.95,completed
757,379,2026-05-16,133.68,completed
758,73,2026-04-11,2.59,completed
759,923,2026-03-09,39.63,completed
760,922,2026-03-07,110.56,completed
761,915,2026-05-07,15.24,cancelled
762,248,2026-03-19,31.96,completed
763,860,2026-03-31,19.6,completed
764,785,2026-04-04,151.98,completed
765,43,2026-04-26,86.76,cancelled
766,377,2026-05-24,61.72,completed
767,41,2026-04-30,44.29,completed
768,170,2026-03-31,85.9,completed
769,946,2026-05-22,24.9,completed
770,212,2026-04-22,29.67,completed
771,493,2026-04-01,65.47,completed
772,680,2026-05-05,22.14,refunded
773,39,2026-04-28,3.3,completed
774,369,2026-03-10,3.86,cancelled
775,757,2026-03-02,6.13,completed
776,151,2026-05-05,101.89,completed
777,111,2026-04-29,31.95,cancelled
778,480,2026-05-27,62.39,completed
779,436,2026-03-17,24.95,completed
780,47,2026-03-16,14.97,completed
781,575,2026-03-16,21.32,completed
782,737,2026-04-15,79.04,completed
783,366,2026-04-08,49.07,completed
784,69,2026-03-31,138.74,completed
785,299,2026-05-27,56.93,completed
786,944,2026-03-01,42.22,completed
787,802,2026-03-11,47.11,completed
788,296,2026-05-24,142.69,completed
789,203,2026-03-04,77.61,completed
790,61,2026-05-10,1.22,completed
791,946,2026-03-26,38.19,completed
792,963,2026-04-19,58.29,completed
793,830,2026-03-12,69.06,cancelled
794,314,2026-05-20,11.99,completed
795,161,2026-05-14,100.94,completed
796,331,2026-05-04,156.0,completed
797,528,2026-04-16,13.51,completed
798,338,2026-04-22,107.12,completed
799,606,2026-05-10,5.1,completed
800,304,2026-03-02,2.87,completed
801,503,2026-03-24,6.92,refunded
802,650,2026-03-04,2.97,completed
803,338,2026-03-19,93.22,completed
804,550,2026-03-26,3.04,completed
805,639,2026-05-14,15.85,cancelled
806,275,2026-04-09,5.48,completed
807,164,2026-04-19,17.51,completed
808,443,2026-04-12,4.75,completed
809,319,2026-05-14,55.13,completed
810,589,2026-05-06,7.15,completed
811,504,2026-03-12,95.48,completed
812,686,2026-05-06,84.97,completed
813,387,2026-03-27,0.69,completed
814,970,2026-04-23,113.04,completed
815,870,2026-05-05,1.47,completed
816,833,2026-04-18,13.7,completed
817,888,2026-03-16,1.65,completed
818,603,2026-03-02,20.46,completed
819,750,2026-04-29,36.06,completed
820,776,2026-04-23,79.64,completed
821,691,2026-03-30,20.62,completed
822,494,2026-05-23,61.12,completed
823,490,2026-04-07,10.38,completed
824,721,2026-03-28,69.43,completed
825,73,2026-03-25,13.46,completed
826,509,2026-03-10,7.75,completed
827,390,2026-04-29,10.25,cancelled
828,619,2026-04-11,10.05,completed
829,857,2026-04-09,35.96,cancelled
830,295,2026-05-16,93.15,completed
831,369,2026-04-11,4.15,completed
832,956,2026-04-16,61.37,completed
833,796,2026-04-06,53.12,completed
834,865,2026-05-19,102.99,completed
835,694,2026-03-22,14.0,completed
836,549,2026-04-26,29.9,completed
837,649,2026-05-23,130.07,completed
838,850,2026-03-27,53.94,completed
839,568,2026-04-10,24.61,completed
840,187,2026-05-19,7.04,completed
841,853,2026-04-03,15.22,completed
842,770,2026-04-01,43.52,completed
843,445,2026-05-29,63.32,completed
844,570,2026-05-28,6.64,completed
845,363,2026-05-05,45.76,cancelled
846,123,2026-03-12,39.96,completed
847,188,2026-04-09,36.07,completed
848,742,2026-05-12,58.58,completed
849,680,2026-05-15,90.84,completed
850,420,2026-05-29,19.5,completed
851,626,2026-05-12,109.92,completed
852,252,2026-03-10,8.76,completed
853,619,2026-04-17,9.5,cancelled
854,549,2026-03-20,15.51,completed
855,335,2026-04-08,6.37,completed
856,92,2026-04-29,13.09,cancelled
857,530,2026-05-05,5.63,completed
858,866,2026-05-04,86.23,completed
859,63,2026-04-20,7.48,completed
860,662,2026-04-05,68.78,completed
861,512,2026-03-24,2.45,completed
862,139,2026-03-27,148.33,completed
863,698,2026-03-02,62.09,completed
864,185,2026-03-31,0.34,cancelled
865,205,2026-04-26,72.17,completed
866,772,2026-05-17,36.09,cancelled
867,214,2026-05-05,75.56,cancelled
868,256,2026-03-29,36.96,completed
869,135,2026-03-15,51.23,completed
870,573,2026-03-12,77.17,completed
871,875,2026-03-28,25.97,completed
872,822,2026-05-23,0.14,completed
873,88,2026-03-24,94.84,cancelled
874,836,2026-03-21,23.97,completed
875,988,2026-03-10,34.26,completed
876,207,2026-05-17,0.39,completed
877,129,2026-03-18,33.87,completed
878,823,2026-05-27,215.21,completed
879,3,2026-03-14,16.31,completed
880,974,2026-04-03,25.16,completed
881,934,2026-04-27,58.11,completed
882,754,2026-05-15,84.31,completed
883,121,2026-03-22,27.01,completed
884,385,2026-05-09,18.53,completed
885,614,2026-04-05,138.89,completed
886,38,2026-04-14,56.53,completed
887,341,2026-04-05,6.34,completed
888,925,2026-03-22,3.57,completed
889,645,2026-05-17,33.04,cancelled
890,714,2026-05-19,12.43,completed
891,860,2026-04-30,14.65,completed
892,21,2026-04-25,105.06,refunded
893,242,2026-05-28,4.69,completed
894,455,2026-04-02,62.83,completed
895,963,2026-04-14,15.81,cancelled
896,621,2026-04-05,71.42,completed
897,303,2026-03-20,64.08,completed
898,596,2026-03-18,0.37,cancelled
899,595,2026-04-07,35.58,completed
900,803,2026-05-06,7.5,completed
901,964,2026-03-23,100.58,completed
902,69,2026-03-16,102.62,completed
903,129,2026-04-28,27.09,completed
904,196,2026-05-08,29.38,completed
905,140,2026-05-07,18.07,refunded
906,444,2026-03-21,63.05,cancelled
907,283,2026-05-17,22.21,cancelled
908,312,2026-05-17,15.58,completed
909,746,2026-05-09,28.3,completed
910,535,2026-03-12,4.8,cancelled
911,665,2026-03-16,68.64,cancelled
912,277,2026-05-20,0.63,completed
913,61,2026-05-26,51.71,completed
914,319,2026-03-14,10.1,completed
915,890,2026-04-30,13.22,completed
916,52,2026-05-10,50.48,completed
917,856,2026-04-15,247.69,completed
918,153,2026-04-01,75.19,completed
919,749,2026-03-15,12.8,completed
920,311,2026-04-13,9.68,completed
921,814,2026-03-17,100.58,completed
922,544,2026-04-10,29.37,completed
923,567,2026-04-23,7.37,completed
924,864,2026-04-13,99.1,completed
925,389,2026-03-05,84.67,completed
926,548,2026-03-27,206.47,completed
927,622,2026-05-26,120.26,completed
928,177,2026-05-17,95.46,completed
929,362,2026-05-18,2.7,cancelled
930,314,2026-04-12,5.51,completed
931,807,2026-03-31,42.08,completed
932,848,2026-03-17,37.91,completed
933,97,2026-05-22,30.62,cancelled
934,881,2026-04-23,25.27,completed
935,213,2026-05-01,28.21,completed
936,829,2026-05-26,42.12,completed
937,137,2026-04-01,0.1,completed
938,6,2026-04-09,15.1,cancelled
939,109,2026-03-13,36.52,completed
940,547,2026-05-23,64.05,completed
941,39,2026-04-04,9.57,completed
942,662,2026-03-05,39.58,completed
943,425,2026-05-12,62.67,completed
944,630,2026-03-29,29.41,completed
945,261,2026-05-09,1.37,completed
946,426,2026-03-25,29.83,completed
947,87,2026-03-22,17.58,completed
948,465,2026-05-05,132.71,completed
949,76,2026-04-14,6.65,completed
950,471,2026-05-08,52.85,completed
951,976,2026-05-28,2.71,completed
952,963,2026-05-11,29.54,completed
953,414,2026-03-01,40.37,completed
954,825,2026-05-23,17.69,completed
955,895,2026-04-13,30.36,completed
956,726,2026-05-26,8.93,completed
957,457,2026-05-14,18.13,completed
958,285,2026-04-08,48.52,completed
959,239,2026-04-23,17.96,completed
960,677,2026-05-27,115.0,cancelled
961,599,2026-05-14,49.5,completed
962,653,2026-03-29,28.87,cancelled
963,672,2026-04-23,1.98,completed
964,558,2026-05-29,34.61,completed
965,372,2026-03-16,72.36,completed
966,495,2026-03-20,15.43,cancelled
967,624,2026-04-15,82.19,completed
968,919,2026-05-06,14.5,completed
969,45,2026-05-04,86.79,completed
970,401,2026-04-27,4.46,completed
971,247,2026-04-22,100.56,completed
972,616,2026-03-01,34.58,completed
973,597,2026-05-20,17.59,completed
974,450,2026-05-05,15.4,completed
975,485,2026-03-29,28.28,completed
976,646,2026-05-23,347.93,completed
977,620,2026-05-09,12.44,completed
978,18,2026-03-08,5.45,cancelled
979,606,2026-03-29,43.98,cancelled
980,662,2026-04-20,33.52,refunded
981,758,2026-04-02,37.14,completed
982,289,2026-03-03,54.97,cancelled
983,414,2026-04-29,15.54,completed
984,721,2026-04-04,120.77,completed
985,638,2026-05-08,28.61,completed
986,235,2026-05-15,6.91,completed
987,416,2026-05-23,67.8,cancelled
988,938,2026-03-20,51.52,completed
989,499,2026-05-12,18.97,completed
990,974,2026-04-08,48.58,completed
991,634,2026-03-04,12.41,completed
992,650,2026-03-19,29.42,completed
993,115,2026-04-14,114.84,completed
994,932,2026-04-12,7.17,completed
995,674,2026-03-13,24.44,completed
996,713,2026-03-13,86.06,completed
997,234,2026-04-29,174.49,completed
998,540,2026-04-26,30.25,completed
999,11,2026-05-25,35.36,cancelled
1000,206,2026-04-21,42.45,completed
1001,679,2026-04-22,134.67,completed
1002,247,2026-05-25,97.67,completed
1003,559,2026-04-12,9.35,completed
1004,758,2026-05-22,28.7,completed
1005,127,2026-05-11,31.18,completed
1006,147,2026-05-11,77.82,completed
1007,118,2026-04-11,46.18,completed
1008,911,2026-05-29,53.1,completed
1009,382,2026-03-26,316.0,completed
1010,412,2026-03-23,3.9,completed
1011,664,2026-04-12,12.62,completed
1012,584,2026-05-16,26.2,cancelled
1013,363,2026-03-28,21.37,completed
1014,509,2026-03-09,1.09,completed
1015,137,2026-03-20,4.81,completed
1016,175,2026-04-25,57.12,refunded
1017,289,2026-05-22,105.73,completed
1018,958,2026-04-08,36.1,completed
1019,481,2026-04-20,38.74,completed
1020,19,2026-03-12,14.72,cancelled
1021,195,2026-05-18,73.02,cancelled
1022,330,2026-04-24,69.67,completed
1023,936,2026-05-17,44.38,completed
1024,175,2026-03-11,11.96,completed
1025,449,2026-03-26,5.1,completed
1026,925,2026-04-11,3.32,completed
1027,946,2026-03-27,44.91,completed
1028,354,2026-03-11,87.16,completed
1029,499,2026-04-07,97.71,completed
1030,141,2026-04-12,31.15,completed
1031,758,2026-03-19,76.69,completed
1032,897,2026-05-03,146.76,completed
1033,930,2026-03-06,16.09,refunded
1034,93,2026-04-15,25.37,completed
1035,944,2026-04-11,134.03,completed
1036,239,2026-05-04,20.64,completed
1037,205,2026-05-11,122.6,completed
1038,560,2026-04-28,198.28,completed
1039,433,2026-04-21,54.21,completed
1040,245,2026-04-16,84.88,completed
1041,832,2026-03-07,69.22,completed
1042,317,2026-03-11,60.12,completed
1043,925,2026-04-30,18.33,refunded
1044,295,2026-05-07,2.94,completed
1045,640,2026-03-25,21.01,refunded
1046,856,2026-03-12,54.97,refunded
1047,282,2026-03-26,5.41,completed
1048,17,2026-03-12,0.6,completed
1049,71,2026-04-12,7.52,completed
1050,269,2026-04-20,62.89,completed
1051,325,2026-04-06,180.22,completed
1052,794,2026-04-15,203.92,refunded
1053,305,2026-04-22,34.06,completed
1054,451,2026-05-27,101.76,completed
1055,7,2026-05-19,66.75,completed
1056,314,2026-03-13,34.76,completed
1057,817,2026-05-28,42.52,completed
1058,103,2026-04-23,7.38,completed
1059,821,2026-04-26,138.76,completed
1060,193,2026-03-04,21.69,completed
1061,753,2026-05-14,29.54,completed
1062,574,2026-04-18,55.69,completed
1063,529,2026-03-07,20.32,completed
1064,171,2026-03-11,14.67,completed
1065,537,2026-04-23,49.85,completed
1066,251,2026-05-26,1.27,completed
1067,765,2026-04-14,63.78,completed
1068,387,2026-03-23,36.08,completed
1069,207,2026-03-28,46.54,completed
1070,541,2026-04-26,49.97,completed
1071,629,2026-03-26,37.44,completed
1072,416,2026-03-25,43.68,completed
1073,794,2026-04-23,57.57,completed
1074,380,2026-03-29,69.94,cancelled
1075,144,2026-05-22,65.0,completed
1076,25,2026-04-05,101.86,completed
1077,822,2026-03-14,10.5,completed
1078,668,2026-05-17,25.64,completed
1079,73,2026-04-04,147.63,cancelled
1080,632,2026-03-30,25.26,completed
1081,824,2026-03-17,6.67,refunded
1082,833,2026-05-06,37.27,completed
1083,93,2026-05-19,5.8,completed
1084,505,2026-03-30,11.34,completed
1085,598,2026-04-14,319.41,completed
1086,336,2026-05-18,38.97,completed
1087,425,2026-05-28,16.71,completed
1088,499,2026-04-20,262.71,completed
1089,364,2026-04-16,169.9,completed
1090,947,2026-04-22,29.06,cancelled
1091,630,2026-05-03,15.08,completed
1092,745,2026-04-07,91.13,completed
1093,199,2026-05-03,62.87,completed
1094,718,2026-05-26,58.07,completed
1095,413,2026-05-28,111.8,completed
1096,339,2026-03-07,58.47,completed
1097,659,2026-03-22,16.69,completed
1098,962,2026-05-20,59.19,completed
1099,937,2026-05-21,18.25,completed
1100,429,2026-04-10,71.2,completed
1101,783,2026-05-13,48.35,completed
1102,899,2026-03-10,4.03,completed
1103,139,2026-04-26,35.96,completed
1104,693,2026-03-07,21.03,completed
1105,942,2026-04-19,19.92,cancelled
1106,542,2026-04-21,46.1,completed
1107,57,2026-04-02,19.45,completed
1108,232,2026-03-01,75.01,completed
1109,658,2026-04-22,3.67,completed
1110,435,2026-04-29,54.0,completed
1111,384,2026-04-03,82.83,completed
1112,560,2026-03-04,55.86,completed
1113,194,2026-03-17,34.38,cancelled
1114,736,2026-03-04,150.09,completed
1115,648,2026-04-12,17.83,completed
1116,534,2026-05-29,0.97,completed
1117,518,2026-03-04,28.28,completed
1118,716,2026-03-01,1.68,completed
1119,751,2026-05-10,153.89,refunded
1120,185,2026-04-19,11.78,completed
1121,872,2026-05-12,77.78,completed
1122,292,2026-04-30,74.49,completed
1123,335,2026-04-04,12.28,completed
1124,732,2026-03-08,48.54,refunded
1125,116,2026-03-24,2.46,completed
1126,825,2026-05-22,33.04,completed
1127,49,2026-04-05,0.74,completed
1128,685,2026-04-19,127.01,completed
1129,82,2026-04-12,186.66,completed
1130,834,2026-03-27,12.57,completed
1131,333,2026-04-01,11.67,completed
1132,557,2026-05-17,70.06,completed
1133,335,2026-03-18,14.61,cancelled
1134,532,2026-03-28,112.73,completed
1135,960,2026-03-29,42.66,completed
1136,221,2026-03-16,21.6,completed
1137,635,2026-04-16,89.4,completed
1138,746,2026-04-28,34.0,cancelled
1139,733,2026-03-31,121.31,completed
1140,323,2026-03-04,131.56,completed
1141,851,2026-04-06,9.04,completed
1142,3,2026-03-17,0.12,completed
1143,694,2026-04-08,206.54,completed
1144,206,2026-04-17,118.3,completed
1145,832,2026-04-15,2.85,cancelled
1146,40,2026-05-29,89.5,completed
1147,59,2026-04-17,30.61,cancelled
1148,951,2026-04-08,14.99,completed
1149,574,2026-03-04,105.49,completed
1150,644,2026-03-30,10.95,completed
1151,507,2026-03-30,147.16,completed
1152,572,2026-03-22,11.51,completed
1153,884,2026-05-14,47.55,cancelled
1154,843,2026-05-05,12.62,cancelled
1155,122,2026-03-12,39.45,cancelled
1156,479,2026-04-05,57.6,completed
1157,619,2026-03-18,10.55,cancelled
1158,96,2026-05-29,36.79,completed
1159,859,2026-04-22,31.66,completed
1160,414,2026-05-10,3.68,completed
1161,235,2026-03-01,85.27,completed
1162,898,2026-04-27,20.45,completed
1163,62,2026-05-29,42.73,completed
1164,256,2026-05-26,36.16,refunded
1165,561,2026-05-29,36.0,completed
1166,905,2026-03-06,5.67,completed
1167,348,2026-05-09,27.54,refunded
1168,671,2026-04-13,30.11,completed
1169,124,2026-05-11,66.15,cancelled
1170,482,2026-03-24,91.63,completed
1171,317,2026-05-25,39.37,completed
1172,504,2026-03-19,4.54,completed
1173,719,2026-03-18,13.51,completed
1174,48,2026-03-30,9.01,completed
1175,409,2026-04-11,6.65,completed
1176,932,2026-04-02,22.78,completed
1177,136,2026-05-13,13.03,cancelled
1178,201,2026-03-12,12.31,completed
1179,250,2026-03-27,2.81,completed
1180,314,2026-04-08,0.89,completed
1181,869,2026-03-09,5.42,completed
1182,368,2026-03-21,9.45,completed
1183,429,2026-05-15,28.19,refunded
1184,830,2026-03-29,35.72,completed
1185,807,2026-04-02,7.58,completed
1186,480,2026-05-01,27.65,completed
1187,314,2026-03-15,20.91,completed
1188,500,2026-03-02,10.13,completed
1189,721,2026-04-21,0.34,completed
1190,355,2026-04-13,31.46,completed
1191,485,2026-04-23,57.86,completed
1192,211,2026-03-18,12.83,completed
1193,704,2026-03-03,7.07,completed
1194,44,2026-03-07,109.04,completed
1195,541,2026-04-12,16.08,completed
1196,571,2026-05-21,12.66,cancelled
1197,583,2026-04-07,97.28,completed
1198,92,2026-04-06,84.94,completed
1199,265,2026-04-27,29.74,completed
1200,895,2026-04-02,33.59,refunded
1201,220,2026-04-28,12.28,refunded
1202,902,2026-03-11,4.08,cancelled
1203,925,2026-05-07,42.6,completed
1204,442,2026-05-21,5.18,completed
1205,401,2026-05-07,29.83,completed
1206,400,2026-05-27,141.09,completed
1207,727,2026-03-22,152.7,completed
1208,991,2026-05-05,13.68,completed
1209,899,2026-04-13,48.92,completed
1210,789,2026-03-06,32.13,completed
1211,576,2026-04-11,104.25,completed
1212,858,2026-03-25,15.83,completed
1213,804,2026-04-26,0.19,cancelled
1214,490,2026-05-24,8.87,completed
1215,485,2026-04-24,21.5,completed
1216,757,2026-03-16,18.97,completed
1217,470,2026-03-14,78.36,completed
1218,574,2026-04-08,57.06,completed
1219,938,2026-03-28,17.8,completed
1220,844,2026-04-20,30.6,completed
1221,682,2026-04-18,5.02,completed
1222,445,2026-03-09,114.21,refunded
1223,269,2026-04-27,137.0,completed
1224,267,2026-04-14,195.11,completed
1225,54,2026-03-22,101.46,completed
1226,528,2026-04-01,9.56,cancelled
1227,520,2026-05-08,2.36,completed
1228,616,2026-05-26,43.33,completed
1229,59,2026-05-08,121.87,cancelled
1230,825,2026-04-11,9.76,cancelled
1231,40,2026-04-22,0.35,cancelled
1232,237,2026-04-28,81.87,completed
1233,955,2026-05-13,4.0,completed
1234,386,2026-04-08,26.7,refunded
1235,606,2026-03-15,56.8,completed
1236,734,2026-05-10,13.51,completed
1237,716,2026-03-29,4.38,completed
1238,650,2026-03-03,73.49,completed
1239,300,2026-05-22,49.74,cancelled
1240,395,2026-03-10,223.23,completed
1241,207,2026-03-29,21.1,completed
1242,336,2026-05-18,3.19,refunded
1243,593,2026-04-04,66.28,completed
1244,730,2026-03-06,36.88,completed
1245,514,2026-03-12,11.99,completed
1246,178,2026-04-07,76.1,completed
1247,396,2026-05-16,11.39,completed
1248,371,2026-03-19,15.1,completed
1249,858,2026-05-06,4.85,completed
1250,791,2026-03-08,25.49,completed
1251,658,2026-03-08,27.14,completed
1252,318,2026-05-23,36.14,completed
1253,736,2026-04-16,61.72,completed
1254,369,2026-03-04,118.28,completed
1255,384,2026-04-20,7.41,completed
1256,62,2026-05-24,2.79,completed
1257,806,2026-05-06,0.94,completed
1258,505,2026-04-14,7.75,completed
1259,239,2026-03-08,53.64,refunded
1260,195,2026-05-26,65.0,completed
1261,678,2026-03-16,77.21,completed
1262,963,2026-05-16,13.97,completed
1263,222,2026-05-06,18.26,cancelled
1264,61,2026-03-09,33.0,completed
1265,129,2026-04-29,3.26,completed
1266,990,2026-05-17,47.23,completed
1267,685,2026-05-16,205.94,completed
1268,992,2026-05-10,22.38,completed
1269,156,2026-03-15,69.89,completed
1270,917,2026-05-10,34.66,completed
1271,378,2026-04-10,6.84,completed
1272,622,2026-03-22,43.64,completed
1273,781,2026-03-24,17.82,completed
1274,923,2026-04-13,1.75,completed
1275,868,2026-03-01,50.38,completed
1276,903,2026-03-10,97.93,completed
1277,790,2026-05-19,21.14,completed
1278,586,2026-05-11,24.74,refunded
1279,999,2026-04-25,110.83,completed
1280,437,2026-05-28,84.0,cancelled
1281,975,2026-04-19,62.76,completed
1282,207,2026-03-12,14.3,refunded
1283,388,2026-05-28,120.52,completed
1284,480,2026-05-20,8.39,completed
1285,791,2026-04-29,49.28,completed
1286,887,2026-03-26,1.46,completed
1287,838,2026-05-17,51.6,completed
1288,984,2026-04-10,16.23,completed
1289,340,2026-04-05,29.86,completed
1290,869,2026-03-23,21.18,completed
1291,340,2026-04-12,9.48,completed
1292,204,2026-03-06,48.64,completed
1293,161,2026-05-08,106.84,completed
1294,540,2026-04-12,159.81,completed
1295,392,2026-03-25,10.68,completed
1296,769,2026-03-18,63.18,completed
1297,677,2026-05-01,54.58,refunded
1298,575,2026-03-13,21.03,completed
1299,534,2026-04-12,0.96,completed
1300,70,2026-05-17,58.53,completed
1301,893,2026-03-28,145.47,completed
1302,405,2026-03-18,50.0,completed
1303,608,2026-04-28,28.57,completed
1304,675,2026-04-29,37.24,completed
1305,591,2026-05-02,11.13,completed
1306,517,2026-04-26,69.42,completed
1307,828,2026-04-20,68.6,completed
1308,120,2026-04-25,7.86,completed
1309,814,2026-03-27,105.18,completed
1310,690,2026-04-01,15.68,cancelled
1311,688,2026-03-09,201.59,completed
1312,902,2026-05-23,24.14,completed
1313,217,2026-05-07,9.79,completed
1314,56,2026-04-15,21.67,completed
1315,366,2026-05-06,29.01,completed
1316,699,2026-03-26,3.59,completed
1317,504,2026-03-08,43.16,completed
1318,744,2026-03-06,45.52,completed
1319,767,2026-05-19,67.15,completed
1320,925,2026-03-24,1.48,completed
1321,455,2026-04-17,38.96,completed
1322,104,2026-04-14,2.72,completed
1323,77,2026-03-13,60.39,completed
1324,230,2026-05-08,2.87,completed
1325,914,2026-03-25,121.37,completed
1326,258,2026-03-20,60.55,completed
1327,264,2026-05-21,35.4,completed
1328,331,2026-05-21,29.13,completed
1329,993,2026-05-05,7.0,completed
1330,182,2026-05-13,17.19,cancelled
1331,893,2026-04-14,101.61,completed
1332,768,2026-04-16,117.41,completed
1333,550,2026-05-02,0.04,completed
1334,688,2026-05-15,45.09,completed
1335,27,2026-05-16,63.52,completed
1336,276,2026-04-24,48.21,completed
1337,652,2026-05-14,4.26,completed
1338,299,2026-03-19,12.28,completed
1339,957,2026-04-04,14.41,completed
1340,799,2026-04-22,89.11,completed
1341,91,2026-03-26,31.11,completed
1342,480,2026-03-14,33.36,completed
1343,573,2026-04-14,136.59,completed
1344,458,2026-04-13,50.68,completed
1345,451,2026-05-27,114.47,completed
1346,365,2026-05-04,30.49,completed
1347,859,2026-04-20,8.09,completed
1348,675,2026-04-12,132.92,completed
1349,351,2026-05-25,30.69,completed
1350,655,2026-03-23,10.02,completed
1351,400,2026-04-25,18.01,completed
1352,253,2026-03-19,2.61,completed
1353,781,2026-05-21,31.58,completed
1354,881,2026-05-15,95.91,completed
1355,803,2026-04-24,135.59,completed
1356,459,2026-04-29,134.86,completed
1357,699,2026-04-28,6.69,completed
1358,917,2026-04-02,24.07,completed
1359,499,2026-03-19,1.43,cancelled
1360,950,2026-03-28,96.61,completed
1361,971,2026-04-21,22.22,completed
1362,926,2026-04-18,49.86,completed
1363,508,2026-04-06,62.75,completed
1364,304,2026-03-26,28.09,completed
1365,501,2026-04-09,18.3,completed
1366,803,2026-05-19,163.79,completed
1367,598,2026-04-07,166.89,completed
1368,166,2026-05-16,17.08,completed
1369,415,2026-05-26,32.66,completed
1370,462,2026-04-23,180.31,completed
1371,920,2026-03-22,0.24,completed
1372,114,2026-03-16,26.61,cancelled
1373,433,2026-03-28,5.29,completed
1374,992,2026-04-04,35.58,completed
1375,356,2026-04-29,1.25,completed
1376,928,2026-04-14,26.12,completed
1377,695,2026-04-15,12.47,completed
1378,207,2026-05-11,38.1,completed
1379,768,2026-04-24,275.99,completed
1380,235,2026-05-25,80.61,cancelled
1381,442,2026-05-24,93.42,completed
1382,355,2026-03-26,50.43,completed
1383,515,2026-05-24,2.12,cancelled
1384,208,2026-03-25,11.58,completed
1385,709,2026-05-04,129.56,completed
1386,853,2026-03-06,22.79,completed
1387,125,2026-03-23,5.47,refunded
1388,138,2026-05-03,60.6,completed
1389,339,2026-05-26,17.8,completed
1390,537,2026-04-12,15.66,completed
1391,68,2026-03-23,310.17,completed
1392,573,2026-03-30,97.65,completed
1393,541,2026-05-16,26.21,completed
1394,383,2026-03-18,196.26,cancelled
1395,19,2026-05-26,52.51,completed
1396,683,2026-05-18,67.74,completed
1397,450,2026-03-21,1.6,completed
1398,74,2026-04-26,6.48,completed
1399,573,2026-03-23,50.13,completed
1400,939,2026-04-14,114.64,refunded
1401,665,2026-04-13,48.87,refunded
1402,276,2026-05-21,7.19,completed
1403,48,2026-05-27,6.15,refunded
1404,211,2026-04-16,92.95,completed
1405,855,2026-04-09,7.5,completed
1406,920,2026-04-20,36.72,completed
1407,651,2026-04-11,1.89,cancelled
1408,622,2026-03-07,4.21,completed
1409,994,2026-04-19,55.79,cancelled
1410,695,2026-04-17,58.43,completed
1411,540,2026-05-23,20.89,completed
1412,709,2026-03-06,12.14,completed
1413,191,2026-03-09,84.02,completed
1414,315,2026-04-26,12.24,completed
1415,901,2026-03-31,39.05,completed
1416,563,2026-03-21,172.43,completed
1417,661,2026-05-29,8.0,completed
1418,780,2026-04-09,141.41,completed
1419,562,2026-04-14,10.1,cancelled
1420,900,2026-05-16,41.9,completed
1421,758,2026-04-18,23.66,completed
1422,113,2026-05-26,167.52,completed
1423,170,2026-03-20,15.98,completed
1424,468,2026-03-17,25.51,completed
1425,678,2026-03-28,203.32,completed
1426,921,2026-04-10,38.44,completed
1427,14,2026-05-05,34.92,completed
1428,715,2026-03-25,14.91,completed
1429,288,2026-04-27,60.43,cancelled
1430,907,2026-04-10,0.72,completed
1431,189,2026-03-06,2.54,refunded
1432,914,2026-05-14,45.73,cancelled
1433,155,2026-04-07,20.9,cancelled
1434,567,2026-03-06,153.22,cancelled
1435,694,2026-04-14,116.75,completed
1436,722,2026-05-14,62.54,completed
1437,888,2026-03-14,85.23,completed
1438,471,2026-05-05,55.03,completed
1439,75,2026-04-09,6.71,completed
1440,277,2026-03-03,72.52,completed
1441,940,2026-03-24,11.8,cancelled
1442,645,2026-03-19,19.54,refunded
1443,343,2026-03-18,85.53,completed
1444,425,2026-05-03,38.45,completed
1445,571,2026-05-27,98.28,refunded
1446,511,2026-04-04,11.98,completed
1447,857,2026-05-01,46.8,completed
1448,182,2026-03-01,4.38,completed
1449,458,2026-03-25,51.51,completed
1450,918,2026-04-14,71.89,completed
1451,851,2026-04-18,43.97,cancelled
1452,833,2026-05-28,15.48,completed
1453,64,2026-03-16,1.59,completed
1454,839,2026-03-19,6.36,completed
1455,260,2026-03-23,48.68,completed
1456,193,2026-05-22,136.22,refunded
1457,655,2026-03-25,11.57,completed
1458,616,2026-03-16,66.41,completed
1459,972,2026-04-23,100.66,completed
1460,406,2026-05-12,36.79,completed
1461,726,2026-03-01,55.32,completed
1462,754,2026-04-11,84.37,completed
1463,943,2026-03-19,15.1,completed
1464,721,2026-04-03,17.61,completed
1465,93,2026-05-19,0.03,completed
1466,430,2026-04-24,164.97,refunded
1467,654,2026-03-18,124.78,cancelled
1468,434,2026-04-03,72.32,completed
1469,404,2026-05-28,4.12,completed
1470,434,2026-04-14,29.67,completed
1471,112,2026-03-06,5.37,completed
1472,929,2026-03-21,0.8,completed
1473,375,2026-05-09,47.88,completed
1474,59,2026-04-17,161.99,completed
1475,43,2026-04-08,116.58,completed
1476,207,2026-03-31,59.66,completed
1477,780,2026-03-10,5.08,completed
1478,296,2026-03-30,16.02,completed
1479,118,2026-03-18,19.29,completed
1480,532,2026-04-29,72.02,completed
1481,222,2026-05-27,81.04,completed
1482,166,2026-05-12,24.32,completed
1483,643,2026-03-15,27.05,completed
1484,156,2026-03-04,2.28,cancelled
1485,184,2026-05-02,17.06,completed
1486,90,2026-04-09,30.01,completed
1487,94,2026-03-09,6.22,completed
1488,13,2026-03-09,30.19,refunded
1489,973,2026-03-26,95.93,completed
1490,834,2026-03-04,43.53,completed
1491,805,2026-05-20,4.11,cancelled
1492,945,2026-03-16,10.64,completed
1493,742,2026-03-15,32.17,completed
1494,834,2026-04-21,22.43,completed
1495,804,2026-05-08,22.22,completed
1496,438,2026-03-05,37.67,cancelled
1497,538,2026-03-20,43.9,completed
1498,587,2026-05-18,79.69,completed
1499,968,2026-03-18,20.85,completed
1500,876,2026-03-02,81.86,completed
