user_id,signup_date,country,device
1,2026-04-13,US,desktop
2,2026-06-29,China,mobile
3,2026-04-03,Canada,mobile
4,2026-01-15,US,desktop
5,2026-04-17,Mexico,desktop
6,2026-03-13,Mexico,desktop
7,2026-01-21,Mexico,mobile
8,2026-04-13,Mexico,mobile
9,2026-05-02,Mexico,mobile
10,2026-03-16,US,mobile
11,2026-03-29,US,desktop
12,2026-04-27,Canada,desktop
13,2026-04-10,China,desktop
14,2026-04-14,US,desktop
15,2026-06-01,US,mobile
16,2026-05-11,Canada,desktop
17,2026-05-30,US,mobile
18,2026-02-22,Canada,mobile
19,2026-01-02,Mexico,mobile
20,2026-03-29,Canada,mobile
21,2026-06-07,US,mobile
22,2026-02-07,US,tablet
23,2026-05-10,US,mobile
24,2026-01-21,US,mobile
25,2026-06-10,US,mobile
26,2026-02-27,US,desktop
27,2026-01-22,US,mobile
28,2026-03-30,US,desktop
29,2026-02-18,US,mobile
30,2026-02-28,US,desktop
31,2026-06-19,US,mobile
32,2026-01-15,Canada,desktop
33,2026-06-24,Canada,desktop
34,2026-02-20,US,mobile
35,2026-04-18,Mexico,mobile
36,2026-02-24,US,mobile
37,2026-03-05,Canada,mobile
38,2026-05-11,US,mobile
39,2026-02-20,China,desktop
40,2026-05-15,Mexico,mobile
41,2026-01-21,Canada,mobile
42,2026-03-14,Mexico,mobile
43,2026-06-16,US,mobile
44,2026-01-18,US,desktop
45,2026-05-12,Canada,mobile
46,2026-03-30,US,desktop
47,2026-03-01,Mexico,desktop
48,2026-01-14,US,desktop
49,2026-01-09,US,desktop
50,2026-03-31,US,mobile
51,2026-02-22,US,tablet
52,2026-05-10,Canada,mobile
53,2026-03-25,US,mobile
54,2026-04-02,US,desktop
55,2026-04-21,US,desktop
56,2026-06-21,US,desktop
57,2026-01-08,Mexico,mobile
58,2026-06-24,US,mobile
59,2026-02-04,US,desktop
60,2026-03-22,US,mobile
61,2026-06-13,Canada,desktop
62,2026-02-19,US,desktop
63,2026-04-14,Mexico,mobile
64,2026-05-12,China,mobile
65,2026-01-02,US,mobile
66,2026-05-14,US,mobile
67,2026-02-23,US,desktop
68,2026-04-16,US,mobile
69,2026-01-04,Canada,desktop
70,2026-02-23,China,mobile
71,2026-05-26,US,tablet
72,2026-02-13,US,mobile
73,2026-06-11,US,mobile
74,2026-01-14,Canada,mobile
75,2026-04-05,US,desktop
76,2026-02-17,US,desktop
77,2026-01-15,China,desktop
78,2026-02-09,Mexico,mobile
79,2026-03-23,US,mobile
80,2026-04-21,Canada,mobile
81,2026-02-22,Mexico,mobile
82,2026-01-24,US,mobile
83,2026-06-03,US,tablet
84,2026-05-04,US,tablet
85,2026-02-10,US,desktop
86,2026-06-06,Mexico,desktop
87,2026-01-15,China,mobile
88,2026-02-14,US,mobile
89,2026-03-06,US,mobile
90,2026-03-30,US,desktop
91,2026-03-12,US,mobile
92,2026-01-09,Mexico,mobile
93,2026-03-29,US,mobile
94,2026-05-09,US,mobile
95,2026-05-16,US,desktop
96,2026-03-04,Canada,desktop
97,2026-05-19,US,mobile
98,2026-03-22,Canada,tablet
99,2026-05-16,US,desktop
100,2026-06-12,Mexico,mobile
101,2026-06-12,Canada,mobile
102,2026-02-02,US,mobile
103,2026-05-03,US,mobile
104,2026-01-05,Mexico,tablet
105,2026-02-10,China,mobile
106,2026-01-28,US,desktop
107,2026-05-15,US,mobile
108,2026-03-13,China,mobile
109,2026-01-12,US,mobile
110,2026-06-11,US,mobile
111,2026-02-02,China,mobile
112,2026-02-17,US,desktop
113,2026-05-31,US,mobile
114,2026-03-03,US,desktop
115,2026-02-06,US,mobile
116,2026-04-09,US,mobile
117,2026-06-21,Mexico,mobile
118,2026-04-14,US,mobile
119,2026-02-04,US,mobile
120,2026-04-11,US,mobile
121,2026-06-24,US,mobile
122,2026-05-11,China,mobile
123,2026-01-01,US,mobile
124,2026-01-05,US,mobile
125,2026-05-22,Mexico,desktop
126,2026-04-13,US,desktop
127,2026-01-27,US,mobile
128,2026-05-17,US,mobile
129,2026-01-15,US,tablet
130,2026-03-31,US,desktop
131,2026-02-11,US,mobile
132,2026-05-04,Mexico,desktop
133,2026-06-28,US,mobile
134,2026-03-04,US,mobile
135,2026-04-06,Canada,desktop
136,2026-02-21,US,mobile
137,2026-04-06,Mexico,tablet
138,2026-05-12,US,desktop
139,2026-05-31,US,mobile
140,2026-05-23,Canada,mobile
141,2026-06-20,US,mobile
142,2026-01-29,US,mobile
143,2026-02-05,US,desktop
144,2026-01-13,US,mobile
145,2026-06-09,Mexico,mobile
146,2026-03-12,US,desktop
147,2026-03-27,US,mobile
148,2026-01-28,US,desktop
149,2026-03-07,Mexico,mobile
150,2026-06-19,US,tablet
151,2026-02-14,Mexico,mobile
152,2026-03-03,US,mobile
153,2026-05-14,Mexico,mobile
154,2026-01-28,China,mobile
155,2026-01-28,Mexico,desktop
156,2026-04-18,Mexico,desktop
157,2026-02-13,US,desktop
158,2026-03-25,US,mobile
159,2026-01-30,US,mobile
160,2026-03-16,US,mobile
161,2026-05-08,US,mobile
162,2026-04-02,US,desktop
163,2026-05-09,US,mobile
164,2026-05-01,US,mobile
165,2026-01-27,Mexico,mobile
166,2026-05-01,US,desktop
167,2026-04-26,Canada,desktop
168,2026-01-03,Mexico,desktop
169,2026-04-13,China,mobile
170,2026-06-04,Canada,mobile
171,2026-05-17,Mexico,desktop
172,2026-03-03,China,desktop
173,2026-06-14,China,mobile
174,2026-02-20,US,desktop
175,2026-06-21,US,desktop
176,2026-06-01,US,desktop
177,2026-02-28,US,desktop
178,2026-04-28,Canada,mobile
179,2026-06-09,Canada,mobile
180,2026-04-06,Mexico,mobile
181,2026-06-29,US,desktop
182,2026-04-23,Mexico,desktop
183,2026-03-03,Canada,desktop
184,2026-02-21,Canada,mobile
185,2026-01-12,China,desktop
186,2026-02-08,Canada,desktop
187,2026-05-10,US,desktop
188,2026-05-11,Mexico,desktop
189,2026-04-23,US,desktop
190,2026-04-11,US,mobile
191,2026-04-23,Mexico,mobile
192,2026-03-22,US,mobile
193,2026-04-23,Mexico,mobile
194,2026-01-02,US,desktop
195,2026-05-10,Mexico,desktop
196,2026-02-23,US,mobile
197,2026-03-28,China,mobile
198,2026-05-09,Mexico,desktop
199,2026-05-27,US,mobile
200,2026-05-06,US,mobile
201,2026-05-10,China,mobile
202,2026-02-22,US,mobile
203,2026-06-21,US,mobile
204,2026-06-09,US,mobile
205,2026-06-09,US,mobile
206,2026-03-09,Canada,desktop
207,2026-05-03,Canada,mobile
208,2026-05-25,US,desktop
209,2026-02-07,US,mobile
210,2026-01-24,Canada,mobile
211,2026-03-10,US,desktop
212,2026-04-26,US,mobile
213,2026-04-08,China,mobile
214,2026-05-19,Canada,mobile
215,2026-05-24,Canada,desktop
216,2026-04-07,Mexico,mobile
217,2026-05-04,US,mobile
218,2026-03-11,Mexico,desktop
219,2026-04-03,US,mobile
220,2026-01-03,US,desktop
221,2026-05-28,US,desktop
222,2026-06-13,US,tablet
223,2026-05-27,Canada,mobile
224,2026-03-31,US,desktop
225,2026-05-27,US,mobile
226,2026-05-28,US,mobile
227,2026-04-06,US,mobile
228,2026-02-21,Canada,desktop
229,2026-06-10,US,mobile
230,2026-06-17,Canada,mobile
231,2026-05-08,US,mobile
232,2026-02-08,US,desktop
233,2026-03-23,Mexico,desktop
234,2026-04-14,US,desktop
235,2026-05-09,Mexico,mobile
236,2026-01-11,US,mobile
237,2026-06-27,US,desktop
238,2026-05-31,China,mobile
239,2026-06-08,US,mobile
240,2026-02-11,US,desktop
241,2026-04-09,Mexico,tablet
242,2026-01-07,US,desktop
243,2026-05-24,Mexico,desktop
244,2026-03-31,US,tablet
245,2026-04-22,China,mobile
246,2026-03-01,Canada,mobile
247,2026-04-23,Canada,tablet
248,2026-01-02,China,mobile
249,2026-05-09,US,desktop
250,2026-02-17,China,mobile
251,2026-05-20,US,mobile
252,2026-02-06,US,desktop
253,2026-06-09,US,desktop
254,2026-01-09,US,desktop
255,2026-04-09,US,mobile
256,2026-05-27,Mexico,desktop
257,2026-02-17,Mexico,mobile
258,2026-05-11,China,mobile
259,2026-05-28,US,mobile
260,2026-06-01,Canada,mobile
261,2026-02-23,US,mobile
262,2026-04-30,US,desktop
263,2026-06-10,US,desktop
264,2026-06-01,US,desktop
265,2026-04-26,Canada,mobile
266,2026-03-16,US,desktop
267,2026-04-23,US,desktop
268,2026-06-13,US,desktop
269,2026-06-15,US,mobile
270,2026-04-14,US,mobile
271,2026-03-25,China,mobile
272,2026-04-22,US,mobile
273,2026-04-09,US,mobile
274,2026-06-02,US,desktop
275,2026-04-03,Mexico,mobile
276,2026-05-26,China,mobile
277,2026-05-08,Mexico,mobile
278,2026-04-20,Canada,mobile
279,2026-03-23,US,mobile
280,2026-02-23,US,mobile
281,2026-06-12,China,mobile
282,2026-06-18,Mexico,desktop
283,2026-06-10,Canada,tablet
284,2026-03-09,Mexico,mobile
285,2026-02-02,Canada,mobile
286,2026-05-22,Canada,desktop
287,2026-01-21,China,mobile
288,2026-02-17,China,mobile
289,2026-05-28,Canada,desktop
290,2026-05-08,Canada,mobile
291,2026-05-16,US,desktop
292,2026-05-15,Canada,mobile
293,2026-05-25,US,mobile
294,2026-05-08,US,mobile
295,2026-02-02,China,desktop
296,2026-06-25,US,mobile
297,2026-04-25,US,mobile
298,2026-04-29,US,desktop
299,2026-01-22,US,mobile
300,2026-06-07,Canada,mobile
301,2026-02-07,US,desktop
302,2026-04-19,US,mobile
303,2026-02-20,US,desktop
304,2026-01-08,Mexico,desktop
305,2026-01-27,Canada,desktop
306,2026-01-27,US,mobile
307,2026-01-21,US,tablet
308,2026-01-30,US,mobile
309,2026-04-07,Canada,desktop
310,2026-01-28,Canada,mobile
311,2026-04-21,US,mobile
312,2026-03-02,US,mobile
313,2026-02-17,US,desktop
314,2026-05-27,Mexico,tablet
315,2026-01-04,US,mobile
316,2026-02-04,US,mobile
317,2026-02-18,US,desktop
318,2026-01-17,US,mobile
319,2026-06-21,Mexico,mobile
320,2026-06-07,US,desktop
321,2026-02-15,Canada,mobile
322,2026-04-27,Canada,tablet
323,2026-01-06,US,mobile
324,2026-04-09,US,mobile
325,2026-05-04,Mexico,mobile
326,2026-02-06,US,desktop
327,2026-01-24,US,mobile
328,2026-04-03,China,desktop
329,2026-02-15,US,mobile
330,2026-04-05,US,desktop
331,2026-04-09,US,mobile
332,2026-04-26,China,mobile
333,2026-06-09,US,desktop
334,2026-06-10,US,mobile
335,2026-03-08,US,mobile
336,2026-05-08,US,desktop
337,2026-01-18,US,mobile
338,2026-01-25,US,desktop
339,2026-02-23,US,mobile
340,2026-02-27,US,desktop
341,2026-03-08,US,mobile
342,2026-04-14,US,mobile
343,2026-06-23,US,tablet
344,2026-01-24,US,desktop
345,2026-04-24,Canada,mobile
346,2026-02-01,US,mobile
347,2026-06-24,US,desktop
348,2026-03-27,US,mobile
349,2026-05-31,Mexico,desktop
350,2026-05-07,Canada,desktop
351,2026-06-04,US,mobile
352,2026-05-10,US,mobile
353,2026-01-17,China,desktop
354,2026-04-14,US,mobile
355,2026-06-10,US,mobile
356,2026-05-17,US,desktop
357,2026-02-12,US,mobile
358,2026-06-25,China,desktop
359,2026-02-08,Mexico,mobile
360,2026-06-19,US,mobile
361,2026-01-26,US,mobile
362,2026-04-09,China,mobile
363,2026-02-19,Mexico,mobile
364,2026-06-02,Canada,mobile
365,2026-06-01,China,desktop
366,2026-01-13,China,mobile
367,2026-03-01,Canada,mobile
368,2026-05-15,US,mobile
369,2026-02-26,US,mobile
370,2026-02-05,Mexico,mobile
371,2026-06-22,US,mobile
372,2026-01-20,Mexico,mobile
373,2026-03-06,US,mobile
374,2026-01-08,US,mobile
375,2026-05-24,US,desktop
376,2026-05-22,US,mobile
377,2026-04-25,China,mobile
378,2026-05-23,Mexico,desktop
379,2026-04-02,Mexico,mobile
380,2026-04-08,Canada,desktop
381,2026-03-07,US,mobile
382,2026-02-01,US,mobile
383,2026-03-27,US,mobile
384,2026-02-20,US,mobile
385,2026-06-02,US,desktop
386,2026-03-04,US,mobile
387,2026-05-05,US,desktop
388,2026-05-30,China,mobile
389,2026-02-27,Mexico,mobile
390,2026-02-27,US,mobile
391,2026-03-27,Canada,mobile
392,2026-02-18,Canada,mobile
393,2026-06-29,US,desktop
394,2026-06-19,Mexico,desktop
395,2026-03-11,Mexico,mobile
396,2026-01-15,US,desktop
397,2026-02-23,US,tablet
398,2026-04-11,US,desktop
399,2026-01-08,US,mobile
400,2026-02-22,US,desktop
401,2026-03-01,Mexico,mobile
402,2026-04-18,US,tablet
403,2026-01-05,US,mobile
404,2026-04-13,China,mobile
405,2026-01-06,Canada,desktop
406,2026-04-19,US,mobile
407,2026-04-26,US,tablet
408,2026-04-04,US,tablet
409,2026-02-16,Canada,desktop
410,2026-04-09,US,mobile
411,2026-02-24,US,desktop
412,2026-06-17,China,mobile
413,2026-02-21,US,mobile
414,2026-05-24,Mexico,desktop
415,2026-01-13,China,mobile
416,2026-04-24,US,mobile
417,2026-05-04,Mexico,tablet
418,2026-04-16,US,mobile
419,2026-06-07,China,mobile
420,2026-05-27,US,desktop
421,2026-05-25,Canada,mobile
422,2026-04-30,US,desktop
423,2026-03-04,Mexico,tablet
424,2026-01-19,Canada,desktop
425,2026-04-02,US,desktop
426,2026-02-27,Mexico,mobile
427,2026-03-31,US,mobile
428,2026-04-27,US,desktop
429,2026-03-03,US,desktop
430,2026-01-23,US,mobile
431,2026-05-07,US,mobile
432,2026-05-17,China,mobile
433,2026-05-20,US,mobile
434,2026-05-09,Canada,desktop
435,2026-02-27,US,mobile
436,2026-05-02,Mexico,desktop
437,2026-01-01,China,desktop
438,2026-02-03,US,mobile
439,2026-04-06,Mexico,desktop
440,2026-05-06,US,mobile
441,2026-04-28,Mexico,mobile
442,2026-02-17,US,desktop
443,2026-03-30,China,desktop
444,2026-04-27,US,desktop
445,2026-05-09,US,mobile
446,2026-01-16,Mexico,mobile
447,2026-03-10,US,desktop
448,2026-01-22,US,mobile
449,2026-04-03,US,mobile
450,2026-03-17,US,mobile
451,2026-06-03,US,desktop
452,2026-05-24,US,mobile
453,2026-06-28,US,desktop
454,2026-03-27,US,tablet
455,2026-01-29,Mexico,mobile
456,2026-03-10,US,mobile
457,2026-02-16,US,mobile
458,2026-04-04,US,desktop
459,2026-05-24,US,mobile
460,2026-06-25,Mexico,mobile
461,2026-03-26,US,mobile
462,2026-02-08,US,desktop
463,2026-04-10,Mexico,mobile
464,2026-02-02,Mexico,desktop
465,2026-04-11,US,desktop
466,2026-01-23,Mexico,mobile
467,2026-01-10,China,desktop
468,2026-03-10,US,mobile
469,2026-04-10,Mexico,desktop
470,2026-02-03,Canada,desktop
471,2026-06-29,US,desktop
472,2026-05-18,US,mobile
473,2026-05-27,US,mobile
474,2026-04-06,Mexico,mobile
475,2026-01-01,China,mobile
476,2026-03-10,Canada,mobile
477,2026-01-04,US,mobile
478,2026-01-16,Canada,mobile
479,2026-01-24,US,mobile
480,2026-03-21,US,desktop
481,2026-01-02,US,mobile
482,2026-05-08,Mexico,mobile
483,2026-06-09,US,mobile
484,2026-03-25,Mexico,mobile
485,2026-06-01,US,tablet
486,2026-05-20,US,mobile
487,2026-06-27,US,desktop
488,2026-06-12,US,tablet
489,2026-05-04,China,desktop
490,2026-02-02,US,desktop
491,2026-06-10,Mexico,desktop
492,2026-06-28,US,tablet
493,2026-06-20,Mexico,desktop
494,2026-04-11,US,mobile
495,2026-01-12,Mexico,desktop
496,2026-03-08,Mexico,mobile
497,2026-03-06,US,desktop
498,2026-06-10,US,mobile
499,2026-06-17,Mexico,mobile
500,2026-03-15,China,mobile
501,2026-02-12,US,mobile
502,2026-02-13,Canada,mobile
503,2026-01-29,China,mobile
504,2026-05-21,Mexico,mobile
505,2026-01-12,China,mobile
506,2026-04-05,Mexico,desktop
507,2026-02-15,US,mobile
508,2026-05-10,US,mobile
509,2026-02-04,US,desktop
510,2026-03-22,Canada,mobile
511,2026-03-31,Canada,mobile
512,2026-01-08,US,desktop
513,2026-04-03,Mexico,desktop
514,2026-06-03,Canada,mobile
515,2026-03-31,US,mobile
516,2026-06-11,US,tablet
517,2026-04-25,US,desktop
518,2026-04-15,US,mobile
519,2026-05-15,US,desktop
520,2026-02-27,US,mobile
521,2026-04-24,US,mobile
522,2026-03-16,US,mobile
523,2026-06-06,US,desktop
524,2026-04-30,US,mobile
525,2026-06-13,Mexico,desktop
526,2026-01-21,US,mobile
527,2026-06-13,China,mobile
528,2026-05-18,China,mobile
529,2026-04-11,US,desktop
530,2026-06-01,US,mobile
531,2026-06-26,US,mobile
532,2026-04-09,US,desktop
533,2026-02-05,Canada,mobile
534,2026-04-06,US,tablet
535,2026-06-01,US,mobile
536,2026-05-31,US,desktop
537,2026-02-06,US,mobile
538,2026-01-12,Canada,desktop
539,2026-04-23,US,mobile
540,2026-01-13,US,mobile
541,2026-01-23,US,mobile
542,2026-04-09,China,mobile
543,2026-04-15,US,mobile
544,2026-01-30,US,desktop
545,2026-01-17,Canada,mobile
546,2026-04-23,US,desktop
547,2026-03-03,China,desktop
548,2026-03-25,Canada,desktop
549,2026-04-22,Canada,mobile
550,2026-03-27,Mexico,mobile
551,2026-05-21,China,desktop
552,2026-01-19,China,tablet
553,2026-06-26,Canada,mobile
554,2026-04-10,Canada,mobile
555,2026-05-20,US,mobile
556,2026-05-27,US,tablet
557,2026-03-17,US,mobile
558,2026-01-09,US,mobile
559,2026-01-28,US,desktop
560,2026-05-08,US,mobile
561,2026-02-21,US,mobile
562,2026-03-24,Mexico,desktop
563,2026-04-21,China,desktop
564,2026-05-24,US,mobile
565,2026-04-27,US,mobile
566,2026-03-10,Mexico,mobile
567,2026-04-09,US,mobile
568,2026-05-20,Mexico,desktop
569,2026-01-25,US,mobile
570,2026-06-29,US,mobile
571,2026-05-03,China,mobile
572,2026-02-22,US,mobile
573,2026-05-31,Canada,mobile
574,2026-05-24,Mexico,desktop
575,2026-02-26,US,mobile
576,2026-02-08,Canada,desktop
577,2026-04-19,China,desktop
578,2026-02-11,US,mobile
579,2026-06-16,Mexico,mobile
580,2026-05-22,US,mobile
581,2026-05-02,Canada,mobile
582,2026-05-13,Canada,mobile
583,2026-06-12,US,mobile
584,2026-03-16,China,mobile
585,2026-05-26,China,desktop
586,2026-03-17,Canada,mobile
587,2026-01-09,Mexico,desktop
588,2026-03-15,Canada,mobile
589,2026-05-25,US,desktop
590,2026-01-07,Canada,mobile
591,2026-06-23,US,mobile
592,2026-05-21,US,desktop
593,2026-06-17,Mexico,mobile
594,2026-06-19,US,mobile
595,2026-05-17,US,desktop
596,2026-06-27,US,mobile
597,2026-01-27,US,mobile
598,2026-05-02,Canada,desktop
599,2026-01-05,US,desktop
600,2026-01-29,Canada,desktop
601,2026-06-14,US,mobile
602,2026-06-15,Canada,desktop
603,2026-03-24,US,mobile
604,2026-05-16,US,desktop
605,2026-04-19,Canada,tablet
606,2026-03-06,Mexico,desktop
607,2026-03-27,US,desktop
608,2026-05-25,US,mobile
609,2026-03-12,US,desktop
610,2026-02-14,US,desktop
611,2026-05-12,Canada,mobile
612,2026-02-05,US,desktop
613,2026-03-11,US,mobile
614,2026-06-08,US,desktop
615,2026-01-19,US,desktop
616,2026-04-18,US,desktop
617,2026-06-16,US,mobile
618,2026-04-01,US,mobile
619,2026-03-31,US,mobile
620,2026-01-19,Mexico,desktop
621,2026-02-08,US,mobile
622,2026-05-06,China,mobile
623,2026-06-22,US,desktop
624,2026-05-21,Mexico,mobile
625,2026-05-06,Canada,desktop
626,2026-02-27,Canada,desktop
627,2026-05-28,Mexico,desktop
628,2026-03-02,US,mobile
629,2026-05-07,US,mobile
630,2026-04-15,US,mobile
631,2026-06-16,US,mobile
632,2026-01-01,US,mobile
633,2026-05-11,US,mobile
634,2026-04-02,Canada,desktop
635,2026-04-23,US,desktop
636,2026-06-02,Mexico,mobile
637,2026-02-25,Canada,desktop
638,2026-06-10,China,tablet
639,2026-06-15,US,desktop
640,2026-04-27,US,desktop
641,2026-05-14,US,mobile
642,2026-02-27,US,mobile
643,2026-02-13,Mexico,mobile
644,2026-06-22,US,mobile
645,2026-06-09,Mexico,desktop
646,2026-06-22,US,desktop
647,2026-03-02,Canada,mobile
648,2026-02-16,Canada,mobile
649,2026-05-29,US,desktop
650,2026-03-21,US,mobile
651,2026-04-28,US,mobile
652,2026-06-13,US,desktop
653,2026-05-27,US,mobile
654,2026-01-20,US,mobile
655,2026-05-26,US,mobile
656,2026-02-16,US,desktop
657,2026-02-18,US,mobile
658,2026-01-14,Canada,mobile
659,2026-05-23,US,mobile
660,2026-06-08,Canada,mobile
661,2026-01-01,US,mobile
662,2026-04-27,US,desktop
663,2026-02-23,Mexico,mobile
664,2026-04-28,US,desktop
665,2026-01-03,US,mobile
666,2026-05-24,US,mobile
667,2026-01-12,US,mobile
668,2026-03-15,US,mobile
669,2026-01-16,US,mobile
670,2026-04-12,Mexico,mobile
671,2026-06-01,US,mobile
672,2026-06-05,US,desktop
673,2026-04-27,US,mobile
674,2026-01-08,Canada,desktop
675,2026-05-02,US,desktop
676,2026-04-02,US,mobile
677,2026-06-13,US,mobile
678,2026-03-31,China,mobile
679,2026-05-16,US,mobile
680,2026-03-01,US,mobile
681,2026-06-27,US,desktop
682,2026-01-28,Canada,mobile
683,2026-04-11,US,mobile
684,2026-02-10,US,desktop
685,2026-06-04,Mexico,mobile
686,2026-05-25,Canada,desktop
687,2026-06-10,US,mobile
688,2026-06-06,Mexico,mobile
689,2026-05-21,US,mobile
690,2026-02-15,US,mobile
691,2026-02-04,US,tablet
692,2026-05-14,China,mobile
693,2026-03-23,US,tablet
694,2026-04-25,US,mobile
695,2026-02-16,US,mobile
696,2026-06-02,Canada,mobile
697,2026-01-10,US,mobile
698,2026-02-25,US,desktop
699,2026-01-30,US,mobile
700,2026-04-19,US,mobile
701,2026-01-05,US,mobile
702,2026-04-29,Canada,mobile
703,2026-02-02,US,mobile
704,2026-04-28,US,mobile
705,2026-03-06,Canada,desktop
706,2026-05-26,US,mobile
707,2026-06-26,US,mobile
708,2026-01-11,China,mobile
709,2026-03-26,US,mobile
710,2026-01-26,US,tablet
711,2026-03-04,US,mobile
712,2026-03-27,US,mobile
713,2026-02-28,US,desktop
714,2026-01-27,US,mobile
715,2026-06-26,US,mobile
716,2026-06-10,US,tablet
717,2026-04-08,China,desktop
718,2026-04-15,Canada,tablet
719,2026-04-09,US,mobile
720,2026-05-09,US,mobile
721,2026-05-29,Canada,mobile
722,2026-02-24,US,mobile
723,2026-01-06,US,desktop
724,2026-04-05,China,mobile
725,2026-05-13,US,desktop
726,2026-04-12,Canada,desktop
727,2026-01-03,China,mobile
728,2026-01-23,US,mobile
729,2026-02-22,US,desktop
730,2026-06-14,US,mobile
731,2026-03-24,Mexico,desktop
732,2026-05-25,Mexico,mobile
733,2026-03-26,Mexico,mobile
734,2026-03-19,US,mobile
735,2026-04-20,Mexico,tablet
736,2026-01-01,China,mobile
737,2026-02-20,Canada,desktop
738,2026-06-22,China,mobile
739,2026-01-04,Mexico,desktop
740,2026-04-23,Canada,desktop
741,2026-02-01,US,mobile
742,2026-02-03,US,mobile
743,2026-04-02,US,desktop
744,2026-04-05,Canada,mobile
745,2026-03-13,US,desktop
746,2026-02-08,Mexico,mobile
747,2026-06-03,China,desktop
748,2026-06-11,Mexico,desktop
749,2026-04-28,US,desktop
750,2026-01-03,US,mobile
751,2026-05-03,US,mobile
752,2026-02-19,Canada,mobile
753,2026-01-12,Mexico,mobile
754,2026-02-23,China,mobile
755,2026-05-13,US,mobile
756,2026-02-26,China,desktop
757,2026-05-25,Mexico,mobile
758,2026-04-22,US,mobile
759,2026-02-16,Mexico,desktop
760,2026-05-31,US,mobile
761,2026-03-26,US,mobile
762,2026-05-22,Canada,tablet
763,2026-03-07,US,desktop
764,2026-03-16,Canada,mobile
765,2026-06-28,Canada,mobile
766,2026-04-13,US,desktop
767,2026-06-15,US,mobile
768,2026-02-07,US,mobile
769,2026-02-19,US,mobile
770,2026-04-08,US,mobile
771,2026-03-23,US,mobile
772,2026-01-30,US,mobile
773,2026-03-20,US,desktop
774,2026-04-01,US,desktop
775,2026-06-28,Canada,mobile
776,2026-02-21,Mexico,desktop
777,2026-06-15,US,desktop
778,2026-03-20,US,mobile
779,2026-01-30,China,mobile
780,2026-04-16,Mexico,desktop
781,2026-02-20,China,mobile
782,2026-03-22,Mexico,desktop
783,2026-05-13,US,mobile
784,2026-01-29,US,tablet
785,2026-05-12,US,mobile
786,2026-05-18,US,mobile
787,2026-05-25,US,desktop
788,2026-03-15,US,mobile
789,2026-01-17,US,mobile
790,2026-03-25,Canada,mobile
791,2026-03-10,Canada,mobile
792,2026-02-03,US,mobile
793,2026-01-06,Mexico,tablet
794,2026-02-22,US,mobile
795,2026-05-06,Mexico,desktop
796,2026-02-12,US,desktop
797,2026-04-25,China,desktop
798,2026-04-21,Canada,mobile
799,2026-05-31,US,desktop
800,2026-03-21,US,mobile
801,2026-04-05,US,desktop
802,2026-04-28,US,desktop
803,2026-05-24,US,desktop
804,2026-01-08,Canada,mobile
805,2026-05-12,US,desktop
806,2026-04-14,Canada,mobile
807,2026-05-12,China,desktop
808,2026-01-25,US,tablet
809,2026-04-06,US,mobile
810,2026-06-04,US,tablet
811,2026-04-03,Canada,mobile
812,2026-06-09,US,mobile
813,2026-06-27,China,mobile
814,2026-03-02,Mexico,mobile
815,2026-05-02,US,desktop
816,2026-02-20,US,mobile
817,2026-05-27,Mexico,mobile
818,2026-01-21,Mexico,desktop
819,2026-01-05,US,desktop
820,2026-04-02,US,desktop
821,2026-06-19,Mexico,desktop
822,2026-03-02,US,desktop
823,2026-01-22,China,mobile
824,2026-05-29,US,mobile
825,2026-03-11,US,desktop
826,2026-01-01,Mexico,mobile
827,2026-05-13,US,desktop
828,2026-01-12,US,mobile
829,2026-03-31,US,mobile
830,2026-02-15,US,mobile
831,2026-02-03,Canada,desktop
832,2026-06-26,US,mobile
833,2026-03-19,US,desktop
834,2026-02-14,Mexico,mobile
835,2026-06-04,Canada,mobile
836,2026-03-14,US,desktop
837,2026-01-26,US,desktop
838,2026-02-16,China,mobile
839,2026-05-01,Mexico,desktop
840,2026-02-25,US,mobile
841,2026-04-04,US,mobile
842,2026-04-17,US,mobile
843,2026-03-04,Canada,desktop
844,2026-02-17,Mexico,desktop
845,2026-03-02,Canada,mobile
846,2026-03-22,Mexico,desktop
847,2026-01-26,Mexico,mobile
848,2026-02-05,US,mobile
849,2026-01-01,US,mobile
850,2026-01-08,US,mobile
851,2026-04-23,US,mobile
852,2026-04-09,Mexico,mobile
853,2026-06-29,US,desktop
854,2026-02-16,US,mobile
855,2026-05-07,US,mobile
856,2026-02-25,US,mobile
857,2026-01-14,US,mobile
858,2026-01-28,US,mobile
859,2026-03-19,Canada,desktop
860,2026-05-10,US,mobile
861,2026-04-19,Canada,desktop
862,2026-06-03,US,desktop
863,2026-01-14,US,mobile
864,2026-02-25,US,desktop
865,2026-04-25,US,mobile
866,2026-01-07,Canada,desktop
867,2026-01-03,US,mobile
868,2026-04-21,US,mobile
869,2026-05-31,Canada,mobile
870,2026-04-17,US,mobile
871,2026-01-18,US,mobile
872,2026-02-07,Mexico,mobile
873,2026-04-25,Canada,mobile
874,2026-01-15,US,desktop
875,2026-04-29,China,desktop
876,2026-01-28,Mexico,mobile
877,2026-02-08,US,mobile
878,2026-01-17,Canada,desktop
879,2026-03-27,US,desktop
880,2026-05-06,US,desktop
881,2026-02-13,US,mobile
882,2026-01-25,US,mobile
883,2026-05-25,Canada,mobile
884,2026-01-13,US,mobile
885,2026-01-25,Mexico,desktop
886,2026-03-09,Canada,desktop
887,2026-05-18,US,mobile
888,2026-03-08,Canada,desktop
889,2026-04-19,US,mobile
890,2026-05-26,US,mobile
891,2026-04-21,Canada,mobile
892,2026-04-21,US,desktop
893,2026-02-03,US,mobile
894,2026-04-21,US,desktop
895,2026-01-08,US,desktop
896,2026-06-17,US,mobile
897,2026-04-23,US,mobile
898,2026-03-24,China,desktop
899,2026-02-11,US,mobile
900,2026-06-18,US,desktop
901,2026-04-11,US,desktop
902,2026-01-06,US,mobile
903,2026-06-29,China,mobile
904,2026-01-26,Canada,desktop
905,2026-03-05,Mexico,desktop
906,2026-02-28,US,mobile
907,2026-04-19,US,mobile
908,2026-05-01,US,mobile
909,2026-02-02,Mexico,desktop
910,2026-05-30,US,desktop
911,2026-01-21,US,desktop
912,2026-03-11,China,mobile
913,2026-04-22,US,mobile
914,2026-01-04,US,desktop
915,2026-04-04,US,mobile
916,2026-03-16,China,mobile
917,2026-03-03,US,mobile
918,2026-04-04,Canada,desktop
919,2026-04-05,Mexico,desktop
920,2026-06-01,US,mobile
921,2026-02-24,Canada,mobile
922,2026-05-17,US,desktop
923,2026-05-11,US,tablet
924,2026-01-31,Mexico,mobile
925,2026-02-09,Mexico,mobile
926,2026-02-05,Canada,mobile
927,2026-06-01,US,desktop
928,2026-01-06,US,mobile
929,2026-03-07,US,mobile
930,2026-03-16,US,desktop
931,2026-01-04,US,desktop
932,2026-03-20,US,mobile
933,2026-05-14,US,desktop
934,2026-04-28,US,mobile
935,2026-04-23,US,mobile
936,2026-04-04,US,mobile
937,2026-06-28,Mexico,desktop
938,2026-03-03,US,mobile
939,2026-03-20,China,desktop
940,2026-05-16,Mexico,desktop
941,2026-01-26,US,desktop
942,2026-06-28,Mexico,desktop
943,2026-06-22,US,desktop
944,2026-02-13,US,mobile
945,2026-05-13,US,mobile
946,2026-03-11,US,desktop
947,2026-06-03,US,mobile
948,2026-04-28,US,desktop
949,2026-03-09,Canada,tablet
950,2026-01-19,Canada,mobile
951,2026-01-20,US,desktop
952,2026-04-23,Canada,mobile
953,2026-05-20,US,mobile
954,2026-02-16,US,mobile
955,2026-01-01,Mexico,mobile
956,2026-03-31,US,desktop
957,2026-05-22,US,desktop
958,2026-03-05,US,desktop
959,2026-02-07,US,mobile
960,2026-02-06,China,mobile
961,2026-05-06,US,desktop
962,2026-05-19,China,mobile
963,2026-04-10,US,desktop
964,2026-03-18,US,desktop
965,2026-01-03,US,desktop
966,2026-06-10,Canada,desktop
967,2026-05-14,US,mobile
968,2026-06-27,Mexico,desktop
969,2026-01-10,Mexico,mobile
970,2026-01-05,US,desktop
971,2026-05-31,China,mobile
972,2026-05-18,Mexico,desktop
973,2026-06-21,Canada,desktop
974,2026-05-10,US,mobile
975,2026-01-13,US,mobile
976,2026-06-17,US,desktop
977,2026-05-10,US,mobile
978,2026-03-25,US,mobile
979,2026-03-06,Mexico,mobile
980,2026-03-04,US,mobile
981,2026-04-11,US,desktop
982,2026-03-14,China,mobile
983,2026-01-17,Mexico,mobile
984,2026-01-09,US,mobile
985,2026-05-23,Mexico,mobile
986,2026-06-01,US,mobile
987,2026-02-07,US,mobile
988,2026-06-12,Canada,mobile
989,2026-04-04,US,mobile
990,2026-04-05,US,desktop
991,2026-02-18,US,mobile
992,2026-03-10,US,desktop
993,2026-03-03,US,mobile
994,2026-06-27,US,mobile
995,2026-03-19,Mexico,desktop
996,2026-04-27,Canada,mobile
997,2026-04-30,US,desktop
998,2026-05-17,US,desktop
999,2026-06-11,US,mobile
1000,2026-03-17,US,desktop
